id,picking_type_id,model,origin,partner_id,date
str,ref,str,str,ref,eval
picking_demo_001,stock.picking_type_in,stock.picking,(Forecast Demo) WH/Stock PC Assemble SC234 Inital Inventory,base.res_partner_3,2015-01-01 01:49:51
picking_demo_002,stock.picking_type_in,stock.picking,(Forecast Demo) WH/Stock  PC Assemble + Custom (PC on Demand) Inital Inventory,base.res_partner_3,2015-01-01 08:56:28
picking_demo_003,stock.picking_type_in,stock.picking,(Forecast Demo) WH/Stock iMac Inital Inventory,base.res_partner_6,2015-01-01 14:46:57
picking_demo_004,stock.picking_type_in,stock.picking,(Forecast Demo) WH/Stock iPad Retina Display Inital Inventory,base.res_partner_1,2015-01-01 05:01:49
picking_demo_005,stock.picking_type_in,stock.picking,(Forecast Demo) WH/Stock iPod Inital Inventory,base.res_partner_4,2015-01-01 13:43:01
picking_demo_006,stock.picking_type_out,stock.picking,(Forecast Demo) WH/Stock PC Assemble SC234 Sale 1,base.res_partner_3,2015-01-09 08:01:25
picking_demo_007,stock.picking_type_out,stock.picking,(Forecast Demo) WH/Stock PC Assemble SC234 Sale 2,base.res_partner_1,2015-04-12 23:10:27
picking_demo_008,stock.picking_type_out,stock.picking,(Forecast Demo) WH/Stock PC Assemble SC234 Sale 3,base.res_partner_4,2015-09-23 21:39:10
picking_demo_009,stock.picking_type_out,stock.picking,(Forecast Demo) WH/Stock PC Assemble SC234 Sale 4,base.res_partner_5,2015-01-11 19:34:09
picking_demo_010,stock.picking_type_out,stock.picking,(Forecast Demo) WH/Stock PC Assemble SC234 Sale 5,base.res_partner_5,2015-01-22 08:19:06
picking_demo_011,stock.picking_type_out,stock.picking,(Forecast Demo) WH/Stock PC Assemble SC234 Sale 6,base.res_partner_6,2015-04-06 07:56:00
picking_demo_012,stock.picking_type_out,stock.picking,(Forecast Demo) WH/Stock PC Assemble SC234 Sale 7,base.res_partner_3,2015-05-09 23:05:09
picking_demo_013,stock.picking_type_out,stock.picking,(Forecast Demo) WH/Stock PC Assemble SC234 Sale 8,base.res_partner_5,2015-05-25 04:46:11
picking_demo_014,stock.picking_type_out,stock.picking,(Forecast Demo) WH/Stock PC Assemble SC234 Sale 9,base.res_partner_6,2015-05-25 12:10:10
picking_demo_015,stock.picking_type_out,stock.picking,(Forecast Demo) WH/Stock PC Assemble SC234 Sale 10,base.res_partner_1,2015-05-30 13:42:39
picking_demo_016,stock.picking_type_out,stock.picking,(Forecast Demo) WH/Stock PC Assemble SC234 Sale 11,base.res_partner_3,2015-06-15 03:51:57
picking_demo_017,stock.picking_type_out,stock.picking,(Forecast Demo) WH/Stock PC Assemble SC234 Sale 12,base.res_partner_4,2015-07-21 15:49:27
picking_demo_018,stock.picking_type_out,stock.picking,(Forecast Demo) WH/Stock PC Assemble SC234 Sale 13,base.res_partner_4,2015-08-31 18:43:48
picking_demo_019,stock.picking_type_out,stock.picking,(Forecast Demo) WH/Stock PC Assemble SC234 Sale 14,base.res_partner_3,2015-01-04 12:40:04
picking_demo_020,stock.picking_type_out,stock.picking,(Forecast Demo) WH/Stock PC Assemble SC234 Sale 15,base.res_partner_6,2015-03-18 20:36:54
picking_demo_021,stock.picking_type_out,stock.picking,(Forecast Demo) WH/Stock PC Assemble SC234 Sale 16,base.res_partner_1,2015-06-21 21:16:45
picking_demo_022,stock.picking_type_out,stock.picking,(Forecast Demo) WH/Stock PC Assemble SC234 Sale 17,base.res_partner_4,2015-05-02 20:13:08
picking_demo_023,stock.picking_type_out,stock.picking,(Forecast Demo) WH/Stock PC Assemble SC234 Sale 18,base.res_partner_6,2015-08-21 14:43:56
picking_demo_024,stock.picking_type_out,stock.picking,(Forecast Demo) WH/Stock PC Assemble SC234 Sale 19,base.res_partner_5,2015-04-07 18:52:38
picking_demo_025,stock.picking_type_out,stock.picking,(Forecast Demo) WH/Stock PC Assemble SC234 Sale 20,base.res_partner_1,2015-02-22 05:48:48
picking_demo_026,stock.picking_type_out,stock.picking,(Forecast Demo) WH/Stock PC Assemble SC234 Sale 21,base.res_partner_5,2015-06-03 08:08:03
picking_demo_027,stock.picking_type_out,stock.picking,(Forecast Demo) WH/Stock PC Assemble SC234 Sale 22,base.res_partner_4,2015-07-20 12:01:33
picking_demo_028,stock.picking_type_out,stock.picking,(Forecast Demo) WH/Stock PC Assemble SC234 Sale 23,base.res_partner_3,2015-01-31 22:29:14
picking_demo_029,stock.picking_type_out,stock.picking,(Forecast Demo) WH/Stock PC Assemble SC234 Sale 24,base.res_partner_6,2015-03-28 20:54:17
picking_demo_030,stock.picking_type_out,stock.picking,(Forecast Demo) WH/Stock PC Assemble SC234 Sale 25,base.res_partner_5,2015-08-11 07:43:29
picking_demo_031,stock.picking_type_out,stock.picking,(Forecast Demo) WH/Stock PC Assemble SC234 Sale 26,base.res_partner_3,2015-07-19 15:26:00
picking_demo_032,stock.picking_type_out,stock.picking,(Forecast Demo) WH/Stock PC Assemble SC234 Sale 27,base.res_partner_5,2015-02-04 13:43:17
picking_demo_033,stock.picking_type_out,stock.picking,(Forecast Demo) WH/Stock PC Assemble SC234 Sale 28,base.res_partner_4,2015-04-28 18:36:32
picking_demo_034,stock.picking_type_out,stock.picking,(Forecast Demo) WH/Stock PC Assemble SC234 Sale 29,base.res_partner_6,2015-02-11 20:32:27
picking_demo_035,stock.picking_type_out,stock.picking,(Forecast Demo) WH/Stock PC Assemble SC234 Sale 30,base.res_partner_1,2015-05-11 00:33:44
picking_demo_036,stock.picking_type_out,stock.picking,(Forecast Demo) WH/Stock PC Assemble SC234 Sale 31,base.res_partner_6,2015-03-04 18:24:21
picking_demo_037,stock.picking_type_out,stock.picking,(Forecast Demo) WH/Stock PC Assemble SC234 Sale 32,base.res_partner_3,2015-06-01 05:38:18
picking_demo_038,stock.picking_type_out,stock.picking,(Forecast Demo) WH/Stock PC Assemble SC234 Sale 33,base.res_partner_5,2015-03-06 20:35:27
picking_demo_039,stock.picking_type_out,stock.picking,(Forecast Demo) WH/Stock PC Assemble SC234 Sale 34,base.res_partner_5,2015-02-01 17:19:03
picking_demo_040,stock.picking_type_out,stock.picking,(Forecast Demo) WH/Stock PC Assemble SC234 Sale 35,base.res_partner_1,2015-02-06 13:55:46
picking_demo_041,stock.picking_type_out,stock.picking,(Forecast Demo) WH/Stock PC Assemble SC234 Sale 36,base.res_partner_1,2015-04-21 08:53:05
picking_demo_042,stock.picking_type_out,stock.picking,(Forecast Demo) WH/Stock PC Assemble SC234 Sale 37,base.res_partner_6,2015-04-24 15:04:57
picking_demo_043,stock.picking_type_out,stock.picking,(Forecast Demo) WH/Stock PC Assemble SC234 Sale 38,base.res_partner_5,2015-09-03 00:26:27
picking_demo_044,stock.picking_type_out,stock.picking,(Forecast Demo) WH/Stock PC Assemble SC234 Sale 39,base.res_partner_1,2015-08-24 07:53:52
picking_demo_045,stock.picking_type_out,stock.picking,(Forecast Demo) WH/Stock PC Assemble SC234 Sale 40,base.res_partner_5,2015-03-15 01:53:42
picking_demo_046,stock.picking_type_out,stock.picking,(Forecast Demo) WH/Stock PC Assemble SC234 Sale 41,base.res_partner_5,2015-07-05 16:05:26
picking_demo_047,stock.picking_type_out,stock.picking,(Forecast Demo) WH/Stock PC Assemble SC234 Sale 42,base.res_partner_4,2015-04-21 07:55:38
picking_demo_048,stock.picking_type_out,stock.picking,(Forecast Demo) WH/Stock PC Assemble SC234 Sale 43,base.res_partner_5,2015-04-21 11:42:01
picking_demo_049,stock.picking_type_out,stock.picking,(Forecast Demo) WH/Stock PC Assemble SC234 Sale 44,base.res_partner_3,2015-04-14 16:31:18
picking_demo_050,stock.picking_type_out,stock.picking,(Forecast Demo) WH/Stock PC Assemble SC234 Sale 45,base.res_partner_1,2015-03-16 10:18:58
picking_demo_051,stock.picking_type_out,stock.picking,(Forecast Demo) WH/Stock PC Assemble SC234 Sale 46,base.res_partner_6,2015-03-02 11:44:53
picking_demo_052,stock.picking_type_out,stock.picking,(Forecast Demo) WH/Stock PC Assemble SC234 Sale 47,base.res_partner_3,2015-05-21 08:21:45
picking_demo_053,stock.picking_type_out,stock.picking,(Forecast Demo) WH/Stock PC Assemble SC234 Sale 48,base.res_partner_6,2015-04-21 21:42:00
picking_demo_054,stock.picking_type_out,stock.picking,(Forecast Demo) WH/Stock PC Assemble SC234 Sale 49,base.res_partner_4,2015-09-26 08:04:47
picking_demo_055,stock.picking_type_out,stock.picking,(Forecast Demo) WH/Stock PC Assemble SC234 Sale 50,base.res_partner_5,2015-09-07 04:28:24
picking_demo_056,stock.picking_type_out,stock.picking,(Forecast Demo) WH/Stock PC Assemble SC234 Sale 51,base.res_partner_3,2015-07-12 23:58:38
picking_demo_057,stock.picking_type_out,stock.picking,(Forecast Demo) WH/Stock PC Assemble SC234 Sale 52,base.res_partner_1,2015-04-07 09:05:51
picking_demo_058,stock.picking_type_out,stock.picking,(Forecast Demo) WH/Stock PC Assemble SC234 Sale 53,base.res_partner_1,2015-09-14 06:10:05
picking_demo_059,stock.picking_type_out,stock.picking,(Forecast Demo) WH/Stock PC Assemble SC234 Sale 54,base.res_partner_3,2015-09-25 20:19:37
picking_demo_060,stock.picking_type_out,stock.picking,(Forecast Demo) WH/Stock PC Assemble SC234 Sale 55,base.res_partner_4,2015-05-17 02:27:50
picking_demo_061,stock.picking_type_out,stock.picking,(Forecast Demo) WH/Stock PC Assemble SC234 Sale 56,base.res_partner_3,2015-04-23 21:43:55
picking_demo_062,stock.picking_type_out,stock.picking,(Forecast Demo) WH/Stock PC Assemble SC234 Sale 57,base.res_partner_4,2015-03-20 09:26:09
picking_demo_063,stock.picking_type_out,stock.picking,(Forecast Demo) WH/Stock PC Assemble SC234 Sale 58,base.res_partner_5,2015-08-11 11:33:18
picking_demo_064,stock.picking_type_out,stock.picking,(Forecast Demo) WH/Stock PC Assemble SC234 Sale 59,base.res_partner_5,2015-05-16 15:46:13
picking_demo_065,stock.picking_type_out,stock.picking,(Forecast Demo) WH/Stock PC Assemble SC234 Sale 60,base.res_partner_3,2015-03-27 04:50:49
picking_demo_066,stock.picking_type_out,stock.picking,(Forecast Demo) WH/Stock PC Assemble SC234 Sale 61,base.res_partner_3,2015-01-12 10:52:30
picking_demo_067,stock.picking_type_out,stock.picking,(Forecast Demo) WH/Stock PC Assemble SC234 Sale 62,base.res_partner_4,2015-03-01 20:58:42
picking_demo_068,stock.picking_type_out,stock.picking,(Forecast Demo) WH/Stock PC Assemble SC234 Sale 63,base.res_partner_4,2015-06-12 01:01:27
picking_demo_069,stock.picking_type_out,stock.picking,(Forecast Demo) WH/Stock PC Assemble SC234 Sale 64,base.res_partner_3,2015-06-14 01:24:24
picking_demo_070,stock.picking_type_out,stock.picking,(Forecast Demo) WH/Stock PC Assemble SC234 Sale 65,base.res_partner_4,2015-06-10 16:48:40
picking_demo_071,stock.picking_type_out,stock.picking,(Forecast Demo) WH/Stock PC Assemble SC234 Sale 66,base.res_partner_3,2015-09-23 20:13:10
picking_demo_072,stock.picking_type_out,stock.picking,(Forecast Demo) WH/Stock PC Assemble SC234 Sale 67,base.res_partner_1,2015-02-08 11:16:50
picking_demo_073,stock.picking_type_out,stock.picking,(Forecast Demo) WH/Stock PC Assemble SC234 Sale 68,base.res_partner_5,2015-03-02 19:24:24
picking_demo_074,stock.picking_type_out,stock.picking,(Forecast Demo) WH/Stock PC Assemble SC234 Sale 69,base.res_partner_1,2015-01-02 13:33:37
picking_demo_075,stock.picking_type_out,stock.picking,(Forecast Demo) WH/Stock PC Assemble SC234 Sale 70,base.res_partner_5,2015-06-06 21:23:27
picking_demo_076,stock.picking_type_out,stock.picking,(Forecast Demo) WH/Stock PC Assemble SC234 Sale 71,base.res_partner_4,2015-05-05 06:08:03
picking_demo_077,stock.picking_type_out,stock.picking,(Forecast Demo) WH/Stock PC Assemble SC234 Sale 72,base.res_partner_3,2015-02-01 14:06:14
picking_demo_078,stock.picking_type_out,stock.picking,(Forecast Demo) WH/Stock PC Assemble SC234 Sale 73,base.res_partner_5,2015-01-13 03:33:22
picking_demo_079,stock.picking_type_out,stock.picking,(Forecast Demo) WH/Stock PC Assemble SC234 Sale 74,base.res_partner_1,2015-08-22 11:17:12
picking_demo_080,stock.picking_type_out,stock.picking,(Forecast Demo) WH/Stock PC Assemble SC234 Sale 75,base.res_partner_6,2015-06-06 04:11:18
picking_demo_081,stock.picking_type_out,stock.picking,(Forecast Demo) WH/Stock PC Assemble SC234 Sale 76,base.res_partner_4,2015-02-13 12:46:38
picking_demo_082,stock.picking_type_out,stock.picking,(Forecast Demo) WH/Stock PC Assemble SC234 Sale 77,base.res_partner_4,2015-01-01 21:18:05
picking_demo_083,stock.picking_type_out,stock.picking,(Forecast Demo) WH/Stock PC Assemble SC234 Sale 78,base.res_partner_5,2015-01-24 21:16:34
picking_demo_084,stock.picking_type_out,stock.picking,(Forecast Demo) WH/Stock PC Assemble SC234 Sale 79,base.res_partner_3,2015-04-03 22:37:15
picking_demo_085,stock.picking_type_out,stock.picking,(Forecast Demo) WH/Stock PC Assemble SC234 Sale 80,base.res_partner_5,2015-03-06 18:42:53
picking_demo_086,stock.picking_type_out,stock.picking,(Forecast Demo) WH/Stock PC Assemble + Custom (PC on Demand) Sale 1,base.res_partner_1,2015-01-15 04:21:42
picking_demo_087,stock.picking_type_out,stock.picking,(Forecast Demo) WH/Stock PC Assemble + Custom (PC on Demand) Sale 2,base.res_partner_1,2015-07-26 18:31:03
picking_demo_088,stock.picking_type_out,stock.picking,(Forecast Demo) WH/Stock PC Assemble + Custom (PC on Demand) Sale 3,base.res_partner_6,2015-05-29 10:49:42
picking_demo_089,stock.picking_type_out,stock.picking,(Forecast Demo) WH/Stock PC Assemble + Custom (PC on Demand) Sale 4,base.res_partner_5,2015-09-14 23:22:50
picking_demo_090,stock.picking_type_out,stock.picking,(Forecast Demo) WH/Stock PC Assemble + Custom (PC on Demand) Sale 5,base.res_partner_5,2015-04-10 00:29:16
picking_demo_091,stock.picking_type_out,stock.picking,(Forecast Demo) WH/Stock PC Assemble + Custom (PC on Demand) Sale 6,base.res_partner_4,2015-07-01 03:48:39
picking_demo_092,stock.picking_type_out,stock.picking,(Forecast Demo) WH/Stock PC Assemble + Custom (PC on Demand) Sale 7,base.res_partner_4,2015-01-13 13:23:33
picking_demo_093,stock.picking_type_out,stock.picking,(Forecast Demo) WH/Stock PC Assemble + Custom (PC on Demand) Sale 8,base.res_partner_5,2015-09-02 16:30:56
picking_demo_094,stock.picking_type_out,stock.picking,(Forecast Demo) WH/Stock PC Assemble + Custom (PC on Demand) Sale 9,base.res_partner_3,2015-01-06 10:15:50
picking_demo_095,stock.picking_type_out,stock.picking,(Forecast Demo) WH/Stock PC Assemble + Custom (PC on Demand) Sale 10,base.res_partner_3,2015-02-28 13:34:45
picking_demo_096,stock.picking_type_out,stock.picking,(Forecast Demo) WH/Stock PC Assemble + Custom (PC on Demand) Sale 11,base.res_partner_6,2015-01-10 13:21:42
picking_demo_097,stock.picking_type_out,stock.picking,(Forecast Demo) WH/Stock PC Assemble + Custom (PC on Demand) Sale 12,base.res_partner_6,2015-09-07 00:02:04
picking_demo_098,stock.picking_type_out,stock.picking,(Forecast Demo) WH/Stock PC Assemble + Custom (PC on Demand) Sale 13,base.res_partner_6,2015-07-14 06:21:15
picking_demo_099,stock.picking_type_out,stock.picking,(Forecast Demo) WH/Stock PC Assemble + Custom (PC on Demand) Sale 14,base.res_partner_5,2015-08-26 02:55:50
picking_demo_100,stock.picking_type_out,stock.picking,(Forecast Demo) WH/Stock PC Assemble + Custom (PC on Demand) Sale 15,base.res_partner_1,2015-03-16 13:43:52
picking_demo_101,stock.picking_type_out,stock.picking,(Forecast Demo) WH/Stock PC Assemble + Custom (PC on Demand) Sale 16,base.res_partner_5,2015-02-17 00:04:32
picking_demo_102,stock.picking_type_out,stock.picking,(Forecast Demo) WH/Stock PC Assemble + Custom (PC on Demand) Sale 17,base.res_partner_4,2015-04-24 23:14:19
picking_demo_103,stock.picking_type_out,stock.picking,(Forecast Demo) WH/Stock PC Assemble + Custom (PC on Demand) Sale 18,base.res_partner_4,2015-03-10 03:16:44
picking_demo_104,stock.picking_type_out,stock.picking,(Forecast Demo) WH/Stock PC Assemble + Custom (PC on Demand) Sale 19,base.res_partner_4,2015-05-11 14:31:58
picking_demo_105,stock.picking_type_out,stock.picking,(Forecast Demo) WH/Stock PC Assemble + Custom (PC on Demand) Sale 20,base.res_partner_6,2015-03-29 22:51:20
picking_demo_106,stock.picking_type_out,stock.picking,(Forecast Demo) WH/Stock PC Assemble + Custom (PC on Demand) Sale 21,base.res_partner_5,2015-09-18 16:44:37
picking_demo_107,stock.picking_type_out,stock.picking,(Forecast Demo) WH/Stock PC Assemble + Custom (PC on Demand) Sale 22,base.res_partner_1,2015-03-09 18:27:40
picking_demo_108,stock.picking_type_out,stock.picking,(Forecast Demo) WH/Stock PC Assemble + Custom (PC on Demand) Sale 23,base.res_partner_1,2015-06-06 05:24:17
picking_demo_109,stock.picking_type_out,stock.picking,(Forecast Demo) WH/Stock PC Assemble + Custom (PC on Demand) Sale 24,base.res_partner_3,2015-02-23 10:39:35
picking_demo_110,stock.picking_type_out,stock.picking,(Forecast Demo) WH/Stock PC Assemble + Custom (PC on Demand) Sale 25,base.res_partner_5,2015-09-07 05:00:48
picking_demo_111,stock.picking_type_out,stock.picking,(Forecast Demo) WH/Stock PC Assemble + Custom (PC on Demand) Sale 26,base.res_partner_1,2015-07-31 12:00:10
picking_demo_112,stock.picking_type_out,stock.picking,(Forecast Demo) WH/Stock PC Assemble + Custom (PC on Demand) Sale 27,base.res_partner_5,2015-05-08 10:45:07
picking_demo_113,stock.picking_type_out,stock.picking,(Forecast Demo) WH/Stock PC Assemble + Custom (PC on Demand) Sale 28,base.res_partner_5,2015-01-28 03:27:12
picking_demo_114,stock.picking_type_out,stock.picking,(Forecast Demo) WH/Stock PC Assemble + Custom (PC on Demand) Sale 29,base.res_partner_4,2015-01-17 22:21:30
picking_demo_115,stock.picking_type_out,stock.picking,(Forecast Demo) WH/Stock PC Assemble + Custom (PC on Demand) Sale 30,base.res_partner_5,2015-04-02 12:04:01
picking_demo_116,stock.picking_type_out,stock.picking,(Forecast Demo) WH/Stock PC Assemble + Custom (PC on Demand) Sale 31,base.res_partner_4,2015-07-11 15:23:51
picking_demo_117,stock.picking_type_out,stock.picking,(Forecast Demo) WH/Stock PC Assemble + Custom (PC on Demand) Sale 32,base.res_partner_1,2015-09-10 01:24:51
picking_demo_118,stock.picking_type_out,stock.picking,(Forecast Demo) WH/Stock PC Assemble + Custom (PC on Demand) Sale 33,base.res_partner_4,2015-09-25 00:29:47
picking_demo_119,stock.picking_type_out,stock.picking,(Forecast Demo) WH/Stock PC Assemble + Custom (PC on Demand) Sale 34,base.res_partner_6,2015-05-01 08:26:02
picking_demo_120,stock.picking_type_out,stock.picking,(Forecast Demo) WH/Stock PC Assemble + Custom (PC on Demand) Sale 35,base.res_partner_6,2015-04-11 04:18:58
picking_demo_121,stock.picking_type_out,stock.picking,(Forecast Demo) WH/Stock PC Assemble + Custom (PC on Demand) Sale 36,base.res_partner_1,2015-03-11 03:25:18
picking_demo_122,stock.picking_type_out,stock.picking,(Forecast Demo) WH/Stock PC Assemble + Custom (PC on Demand) Sale 37,base.res_partner_5,2015-03-18 19:59:31
picking_demo_123,stock.picking_type_out,stock.picking,(Forecast Demo) WH/Stock PC Assemble + Custom (PC on Demand) Sale 38,base.res_partner_3,2015-03-27 17:45:18
picking_demo_124,stock.picking_type_out,stock.picking,(Forecast Demo) WH/Stock PC Assemble + Custom (PC on Demand) Sale 39,base.res_partner_3,2015-02-28 10:07:38
picking_demo_125,stock.picking_type_out,stock.picking,(Forecast Demo) WH/Stock PC Assemble + Custom (PC on Demand) Sale 40,base.res_partner_6,2015-05-08 01:35:45
picking_demo_126,stock.picking_type_out,stock.picking,(Forecast Demo) WH/Stock PC Assemble + Custom (PC on Demand) Sale 41,base.res_partner_3,2015-07-31 14:11:39
picking_demo_127,stock.picking_type_out,stock.picking,(Forecast Demo) WH/Stock PC Assemble + Custom (PC on Demand) Sale 42,base.res_partner_1,2015-01-28 16:09:32
picking_demo_128,stock.picking_type_out,stock.picking,(Forecast Demo) WH/Stock PC Assemble + Custom (PC on Demand) Sale 43,base.res_partner_1,2015-09-10 11:19:09
picking_demo_129,stock.picking_type_out,stock.picking,(Forecast Demo) WH/Stock PC Assemble + Custom (PC on Demand) Sale 44,base.res_partner_3,2015-06-27 19:37:42
picking_demo_130,stock.picking_type_out,stock.picking,(Forecast Demo) WH/Stock PC Assemble + Custom (PC on Demand) Sale 45,base.res_partner_4,2015-09-21 14:31:51
picking_demo_131,stock.picking_type_out,stock.picking,(Forecast Demo) WH/Stock PC Assemble + Custom (PC on Demand) Sale 46,base.res_partner_5,2015-01-25 02:02:12
picking_demo_132,stock.picking_type_out,stock.picking,(Forecast Demo) WH/Stock PC Assemble + Custom (PC on Demand) Sale 47,base.res_partner_5,2015-09-08 09:39:20
picking_demo_133,stock.picking_type_out,stock.picking,(Forecast Demo) WH/Stock PC Assemble + Custom (PC on Demand) Sale 48,base.res_partner_5,2015-01-28 18:25:45
picking_demo_134,stock.picking_type_out,stock.picking,(Forecast Demo) WH/Stock PC Assemble + Custom (PC on Demand) Sale 49,base.res_partner_1,2015-03-01 00:16:57
picking_demo_135,stock.picking_type_out,stock.picking,(Forecast Demo) WH/Stock PC Assemble + Custom (PC on Demand) Sale 50,base.res_partner_6,2015-05-23 05:23:19
picking_demo_136,stock.picking_type_out,stock.picking,(Forecast Demo) WH/Stock PC Assemble + Custom (PC on Demand) Sale 51,base.res_partner_1,2015-08-27 02:52:00
picking_demo_137,stock.picking_type_out,stock.picking,(Forecast Demo) WH/Stock PC Assemble + Custom (PC on Demand) Sale 52,base.res_partner_3,2015-05-06 09:07:45
picking_demo_138,stock.picking_type_out,stock.picking,(Forecast Demo) WH/Stock PC Assemble + Custom (PC on Demand) Sale 53,base.res_partner_6,2015-03-19 02:12:45
picking_demo_139,stock.picking_type_out,stock.picking,(Forecast Demo) WH/Stock PC Assemble + Custom (PC on Demand) Sale 54,base.res_partner_3,2015-01-03 14:44:42
picking_demo_140,stock.picking_type_out,stock.picking,(Forecast Demo) WH/Stock PC Assemble + Custom (PC on Demand) Sale 55,base.res_partner_4,2015-06-04 08:22:56
picking_demo_141,stock.picking_type_out,stock.picking,(Forecast Demo) WH/Stock PC Assemble + Custom (PC on Demand) Sale 56,base.res_partner_1,2015-05-18 08:30:12
picking_demo_142,stock.picking_type_out,stock.picking,(Forecast Demo) WH/Stock PC Assemble + Custom (PC on Demand) Sale 57,base.res_partner_6,2015-01-26 20:03:01
picking_demo_143,stock.picking_type_out,stock.picking,(Forecast Demo) WH/Stock PC Assemble + Custom (PC on Demand) Sale 58,base.res_partner_1,2015-02-07 02:03:20
picking_demo_144,stock.picking_type_out,stock.picking,(Forecast Demo) WH/Stock PC Assemble + Custom (PC on Demand) Sale 59,base.res_partner_4,2015-09-28 18:09:17
picking_demo_145,stock.picking_type_out,stock.picking,(Forecast Demo) WH/Stock PC Assemble + Custom (PC on Demand) Sale 60,base.res_partner_6,2015-06-07 12:04:17
picking_demo_146,stock.picking_type_out,stock.picking,(Forecast Demo) WH/Stock PC Assemble + Custom (PC on Demand) Sale 61,base.res_partner_3,2015-03-21 09:16:19
picking_demo_147,stock.picking_type_out,stock.picking,(Forecast Demo) WH/Stock PC Assemble + Custom (PC on Demand) Sale 62,base.res_partner_1,2015-06-27 18:43:09
picking_demo_148,stock.picking_type_out,stock.picking,(Forecast Demo) WH/Stock PC Assemble + Custom (PC on Demand) Sale 63,base.res_partner_4,2015-01-18 07:17:21
picking_demo_149,stock.picking_type_out,stock.picking,(Forecast Demo) WH/Stock PC Assemble + Custom (PC on Demand) Sale 64,base.res_partner_3,2015-01-30 21:06:37
picking_demo_150,stock.picking_type_out,stock.picking,(Forecast Demo) WH/Stock PC Assemble + Custom (PC on Demand) Sale 65,base.res_partner_6,2015-01-20 05:28:48
picking_demo_151,stock.picking_type_out,stock.picking,(Forecast Demo) WH/Stock PC Assemble + Custom (PC on Demand) Sale 66,base.res_partner_5,2015-06-03 09:04:41
picking_demo_152,stock.picking_type_out,stock.picking,(Forecast Demo) WH/Stock PC Assemble + Custom (PC on Demand) Sale 67,base.res_partner_1,2015-05-02 12:50:08
picking_demo_153,stock.picking_type_out,stock.picking,(Forecast Demo) WH/Stock PC Assemble + Custom (PC on Demand) Sale 68,base.res_partner_4,2015-09-22 01:07:38
picking_demo_154,stock.picking_type_out,stock.picking,(Forecast Demo) WH/Stock PC Assemble + Custom (PC on Demand) Sale 69,base.res_partner_6,2015-08-09 08:04:13
picking_demo_155,stock.picking_type_out,stock.picking,(Forecast Demo) WH/Stock PC Assemble + Custom (PC on Demand) Sale 70,base.res_partner_5,2015-09-13 22:52:06
picking_demo_156,stock.picking_type_out,stock.picking,(Forecast Demo) WH/Stock PC Assemble + Custom (PC on Demand) Sale 71,base.res_partner_5,2015-07-30 06:42:04
picking_demo_157,stock.picking_type_out,stock.picking,(Forecast Demo) WH/Stock PC Assemble + Custom (PC on Demand) Sale 72,base.res_partner_5,2015-01-17 13:43:33
picking_demo_158,stock.picking_type_out,stock.picking,(Forecast Demo) WH/Stock PC Assemble + Custom (PC on Demand) Sale 73,base.res_partner_6,2015-07-25 20:13:47
picking_demo_159,stock.picking_type_out,stock.picking,(Forecast Demo) WH/Stock PC Assemble + Custom (PC on Demand) Sale 74,base.res_partner_1,2015-01-27 09:00:54
picking_demo_160,stock.picking_type_out,stock.picking,(Forecast Demo) WH/Stock PC Assemble + Custom (PC on Demand) Sale 75,base.res_partner_4,2015-06-29 06:04:51
picking_demo_161,stock.picking_type_out,stock.picking,(Forecast Demo) WH/Stock PC Assemble + Custom (PC on Demand) Sale 76,base.res_partner_3,2015-01-15 07:23:28
picking_demo_162,stock.picking_type_out,stock.picking,(Forecast Demo) WH/Stock PC Assemble + Custom (PC on Demand) Sale 77,base.res_partner_1,2015-05-15 22:06:38
picking_demo_163,stock.picking_type_out,stock.picking,(Forecast Demo) WH/Stock PC Assemble + Custom (PC on Demand) Sale 78,base.res_partner_3,2015-05-07 20:07:10
picking_demo_164,stock.picking_type_out,stock.picking,(Forecast Demo) WH/Stock PC Assemble + Custom (PC on Demand) Sale 79,base.res_partner_1,2015-01-22 17:51:29
picking_demo_165,stock.picking_type_out,stock.picking,(Forecast Demo) WH/Stock PC Assemble + Custom (PC on Demand) Sale 80,base.res_partner_6,2015-02-02 06:17:40
picking_demo_166,stock.picking_type_out,stock.picking,(Forecast Demo) WH/Stock iMac Sale 1,base.res_partner_6,2015-08-01 04:08:07
picking_demo_167,stock.picking_type_out,stock.picking,(Forecast Demo) WH/Stock iMac Sale 2,base.res_partner_1,2015-05-19 00:18:44
picking_demo_168,stock.picking_type_out,stock.picking,(Forecast Demo) WH/Stock iMac Sale 3,base.res_partner_5,2015-06-30 02:38:08
picking_demo_169,stock.picking_type_out,stock.picking,(Forecast Demo) WH/Stock iMac Sale 4,base.res_partner_6,2015-06-01 15:03:30
picking_demo_170,stock.picking_type_out,stock.picking,(Forecast Demo) WH/Stock iMac Sale 5,base.res_partner_4,2015-07-21 22:09:37
picking_demo_171,stock.picking_type_out,stock.picking,(Forecast Demo) WH/Stock iMac Sale 6,base.res_partner_5,2015-07-23 17:19:55
picking_demo_172,stock.picking_type_out,stock.picking,(Forecast Demo) WH/Stock iMac Sale 7,base.res_partner_5,2015-03-21 07:06:49
picking_demo_173,stock.picking_type_out,stock.picking,(Forecast Demo) WH/Stock iMac Sale 8,base.res_partner_3,2015-05-18 18:27:17
picking_demo_174,stock.picking_type_out,stock.picking,(Forecast Demo) WH/Stock iMac Sale 9,base.res_partner_5,2015-01-09 08:24:59
picking_demo_175,stock.picking_type_out,stock.picking,(Forecast Demo) WH/Stock iMac Sale 10,base.res_partner_6,2015-05-18 07:04:51
picking_demo_176,stock.picking_type_out,stock.picking,(Forecast Demo) WH/Stock iMac Sale 11,base.res_partner_3,2015-01-10 01:22:14
picking_demo_177,stock.picking_type_out,stock.picking,(Forecast Demo) WH/Stock iMac Sale 12,base.res_partner_4,2015-02-27 21:05:21
picking_demo_178,stock.picking_type_out,stock.picking,(Forecast Demo) WH/Stock iMac Sale 13,base.res_partner_3,2015-01-17 20:20:45
picking_demo_179,stock.picking_type_out,stock.picking,(Forecast Demo) WH/Stock iMac Sale 14,base.res_partner_4,2015-08-06 16:18:40
picking_demo_180,stock.picking_type_out,stock.picking,(Forecast Demo) WH/Stock iMac Sale 15,base.res_partner_4,2015-02-04 13:26:00
picking_demo_181,stock.picking_type_out,stock.picking,(Forecast Demo) WH/Stock iMac Sale 16,base.res_partner_4,2015-02-27 14:51:34
picking_demo_182,stock.picking_type_out,stock.picking,(Forecast Demo) WH/Stock iMac Sale 17,base.res_partner_4,2015-09-05 09:15:26
picking_demo_183,stock.picking_type_out,stock.picking,(Forecast Demo) WH/Stock iMac Sale 18,base.res_partner_3,2015-08-22 01:31:50
picking_demo_184,stock.picking_type_out,stock.picking,(Forecast Demo) WH/Stock iMac Sale 19,base.res_partner_3,2015-01-25 13:47:41
picking_demo_185,stock.picking_type_out,stock.picking,(Forecast Demo) WH/Stock iMac Sale 20,base.res_partner_5,2015-06-25 17:32:11
picking_demo_186,stock.picking_type_out,stock.picking,(Forecast Demo) WH/Stock iMac Sale 21,base.res_partner_5,2015-09-18 10:11:49
picking_demo_187,stock.picking_type_out,stock.picking,(Forecast Demo) WH/Stock iMac Sale 22,base.res_partner_5,2015-06-09 16:40:51
picking_demo_188,stock.picking_type_out,stock.picking,(Forecast Demo) WH/Stock iMac Sale 23,base.res_partner_3,2015-02-03 13:45:57
picking_demo_189,stock.picking_type_out,stock.picking,(Forecast Demo) WH/Stock iMac Sale 24,base.res_partner_5,2015-01-07 09:54:16
picking_demo_190,stock.picking_type_out,stock.picking,(Forecast Demo) WH/Stock iMac Sale 25,base.res_partner_1,2015-06-08 02:02:47
picking_demo_191,stock.picking_type_out,stock.picking,(Forecast Demo) WH/Stock iMac Sale 26,base.res_partner_4,2015-03-14 14:25:00
picking_demo_192,stock.picking_type_out,stock.picking,(Forecast Demo) WH/Stock iMac Sale 27,base.res_partner_1,2015-05-19 18:22:21
picking_demo_193,stock.picking_type_out,stock.picking,(Forecast Demo) WH/Stock iMac Sale 28,base.res_partner_1,2015-08-25 12:25:23
picking_demo_194,stock.picking_type_out,stock.picking,(Forecast Demo) WH/Stock iMac Sale 29,base.res_partner_5,2015-08-03 17:20:28
picking_demo_195,stock.picking_type_out,stock.picking,(Forecast Demo) WH/Stock iMac Sale 30,base.res_partner_6,2015-07-11 19:25:55
picking_demo_196,stock.picking_type_out,stock.picking,(Forecast Demo) WH/Stock iMac Sale 31,base.res_partner_5,2015-06-29 16:24:07
picking_demo_197,stock.picking_type_out,stock.picking,(Forecast Demo) WH/Stock iMac Sale 32,base.res_partner_5,2015-09-04 01:57:27
picking_demo_198,stock.picking_type_out,stock.picking,(Forecast Demo) WH/Stock iMac Sale 33,base.res_partner_4,2015-04-14 23:38:30
picking_demo_199,stock.picking_type_out,stock.picking,(Forecast Demo) WH/Stock iMac Sale 34,base.res_partner_5,2015-03-05 21:32:26
picking_demo_200,stock.picking_type_out,stock.picking,(Forecast Demo) WH/Stock iMac Sale 35,base.res_partner_4,2015-05-17 05:08:16
picking_demo_201,stock.picking_type_out,stock.picking,(Forecast Demo) WH/Stock iMac Sale 36,base.res_partner_5,2015-06-26 11:14:51
picking_demo_202,stock.picking_type_out,stock.picking,(Forecast Demo) WH/Stock iMac Sale 37,base.res_partner_5,2015-06-21 16:01:17
picking_demo_203,stock.picking_type_out,stock.picking,(Forecast Demo) WH/Stock iMac Sale 38,base.res_partner_4,2015-04-08 20:50:44
picking_demo_204,stock.picking_type_out,stock.picking,(Forecast Demo) WH/Stock iMac Sale 39,base.res_partner_3,2015-01-10 23:58:03
picking_demo_205,stock.picking_type_out,stock.picking,(Forecast Demo) WH/Stock iMac Sale 40,base.res_partner_5,2015-04-09 15:43:40
picking_demo_206,stock.picking_type_out,stock.picking,(Forecast Demo) WH/Stock iMac Sale 41,base.res_partner_3,2015-05-09 11:14:03
picking_demo_207,stock.picking_type_out,stock.picking,(Forecast Demo) WH/Stock iMac Sale 42,base.res_partner_3,2015-01-02 20:13:46
picking_demo_208,stock.picking_type_out,stock.picking,(Forecast Demo) WH/Stock iMac Sale 43,base.res_partner_4,2015-07-14 22:46:39
picking_demo_209,stock.picking_type_out,stock.picking,(Forecast Demo) WH/Stock iMac Sale 44,base.res_partner_5,2015-09-10 08:36:56
picking_demo_210,stock.picking_type_out,stock.picking,(Forecast Demo) WH/Stock iMac Sale 45,base.res_partner_3,2015-08-08 06:07:49
picking_demo_211,stock.picking_type_out,stock.picking,(Forecast Demo) WH/Stock iMac Sale 46,base.res_partner_3,2015-01-07 06:21:25
picking_demo_212,stock.picking_type_out,stock.picking,(Forecast Demo) WH/Stock iMac Sale 47,base.res_partner_6,2015-08-24 15:17:41
picking_demo_213,stock.picking_type_out,stock.picking,(Forecast Demo) WH/Stock iMac Sale 48,base.res_partner_4,2015-02-15 23:18:17
picking_demo_214,stock.picking_type_out,stock.picking,(Forecast Demo) WH/Stock iMac Sale 49,base.res_partner_4,2015-03-05 08:38:57
picking_demo_215,stock.picking_type_out,stock.picking,(Forecast Demo) WH/Stock iMac Sale 50,base.res_partner_5,2015-05-10 18:38:07
picking_demo_216,stock.picking_type_out,stock.picking,(Forecast Demo) WH/Stock iMac Sale 51,base.res_partner_3,2015-01-13 09:59:53
picking_demo_217,stock.picking_type_out,stock.picking,(Forecast Demo) WH/Stock iMac Sale 52,base.res_partner_4,2015-05-13 08:11:46
picking_demo_218,stock.picking_type_out,stock.picking,(Forecast Demo) WH/Stock iMac Sale 53,base.res_partner_4,2015-03-05 18:54:28
picking_demo_219,stock.picking_type_out,stock.picking,(Forecast Demo) WH/Stock iMac Sale 54,base.res_partner_1,2015-02-27 12:05:09
picking_demo_220,stock.picking_type_out,stock.picking,(Forecast Demo) WH/Stock iMac Sale 55,base.res_partner_1,2015-03-12 02:41:15
picking_demo_221,stock.picking_type_out,stock.picking,(Forecast Demo) WH/Stock iMac Sale 56,base.res_partner_6,2015-03-02 03:55:06
picking_demo_222,stock.picking_type_out,stock.picking,(Forecast Demo) WH/Stock iMac Sale 57,base.res_partner_6,2015-03-25 22:08:16
picking_demo_223,stock.picking_type_out,stock.picking,(Forecast Demo) WH/Stock iMac Sale 58,base.res_partner_4,2015-02-27 09:19:20
picking_demo_224,stock.picking_type_out,stock.picking,(Forecast Demo) WH/Stock iMac Sale 59,base.res_partner_1,2015-09-12 00:48:47
picking_demo_225,stock.picking_type_out,stock.picking,(Forecast Demo) WH/Stock iMac Sale 60,base.res_partner_6,2015-08-30 22:52:24
picking_demo_226,stock.picking_type_out,stock.picking,(Forecast Demo) WH/Stock iMac Sale 61,base.res_partner_6,2015-05-30 10:27:50
picking_demo_227,stock.picking_type_out,stock.picking,(Forecast Demo) WH/Stock iMac Sale 62,base.res_partner_6,2015-01-13 00:38:59
picking_demo_228,stock.picking_type_out,stock.picking,(Forecast Demo) WH/Stock iMac Sale 63,base.res_partner_6,2015-05-22 17:13:34
picking_demo_229,stock.picking_type_out,stock.picking,(Forecast Demo) WH/Stock iMac Sale 64,base.res_partner_6,2015-03-12 06:22:07
picking_demo_230,stock.picking_type_out,stock.picking,(Forecast Demo) WH/Stock iMac Sale 65,base.res_partner_5,2015-04-25 08:38:06
picking_demo_231,stock.picking_type_out,stock.picking,(Forecast Demo) WH/Stock iMac Sale 66,base.res_partner_4,2015-03-27 20:39:13
picking_demo_232,stock.picking_type_out,stock.picking,(Forecast Demo) WH/Stock iMac Sale 67,base.res_partner_5,2015-06-25 12:22:36
picking_demo_233,stock.picking_type_out,stock.picking,(Forecast Demo) WH/Stock iMac Sale 68,base.res_partner_3,2015-02-22 10:07:41
picking_demo_234,stock.picking_type_out,stock.picking,(Forecast Demo) WH/Stock iMac Sale 69,base.res_partner_3,2015-04-21 10:19:32
picking_demo_235,stock.picking_type_out,stock.picking,(Forecast Demo) WH/Stock iMac Sale 70,base.res_partner_3,2015-08-03 22:38:30
picking_demo_236,stock.picking_type_out,stock.picking,(Forecast Demo) WH/Stock iMac Sale 71,base.res_partner_6,2015-09-21 05:35:47
picking_demo_237,stock.picking_type_out,stock.picking,(Forecast Demo) WH/Stock iMac Sale 72,base.res_partner_3,2015-05-26 02:49:22
picking_demo_238,stock.picking_type_out,stock.picking,(Forecast Demo) WH/Stock iMac Sale 73,base.res_partner_5,2015-03-15 22:09:37
picking_demo_239,stock.picking_type_out,stock.picking,(Forecast Demo) WH/Stock iMac Sale 74,base.res_partner_1,2015-06-28 23:33:47
picking_demo_240,stock.picking_type_out,stock.picking,(Forecast Demo) WH/Stock iMac Sale 75,base.res_partner_4,2015-04-20 08:03:25
picking_demo_241,stock.picking_type_out,stock.picking,(Forecast Demo) WH/Stock iMac Sale 76,base.res_partner_1,2015-05-02 11:27:27
picking_demo_242,stock.picking_type_out,stock.picking,(Forecast Demo) WH/Stock iMac Sale 77,base.res_partner_6,2015-02-25 03:44:18
picking_demo_243,stock.picking_type_out,stock.picking,(Forecast Demo) WH/Stock iMac Sale 78,base.res_partner_3,2015-09-16 07:09:58
picking_demo_244,stock.picking_type_out,stock.picking,(Forecast Demo) WH/Stock iMac Sale 79,base.res_partner_4,2015-09-24 03:03:23
picking_demo_245,stock.picking_type_out,stock.picking,(Forecast Demo) WH/Stock iMac Sale 80,base.res_partner_6,2015-01-17 18:45:52
picking_demo_246,stock.picking_type_out,stock.picking,(Forecast Demo) WH/Stock iPad Retina Display Sale 1,base.res_partner_4,2015-03-02 00:50:27
picking_demo_247,stock.picking_type_out,stock.picking,(Forecast Demo) WH/Stock iPad Retina Display Sale 2,base.res_partner_4,2015-03-18 01:42:30
picking_demo_248,stock.picking_type_out,stock.picking,(Forecast Demo) WH/Stock iPad Retina Display Sale 3,base.res_partner_6,2015-04-26 01:16:44
picking_demo_249,stock.picking_type_out,stock.picking,(Forecast Demo) WH/Stock iPad Retina Display Sale 4,base.res_partner_1,2015-08-20 07:54:27
picking_demo_250,stock.picking_type_out,stock.picking,(Forecast Demo) WH/Stock iPad Retina Display Sale 5,base.res_partner_1,2015-04-24 17:55:38
picking_demo_251,stock.picking_type_out,stock.picking,(Forecast Demo) WH/Stock iPad Retina Display Sale 6,base.res_partner_5,2015-02-10 18:47:24
picking_demo_252,stock.picking_type_out,stock.picking,(Forecast Demo) WH/Stock iPad Retina Display Sale 7,base.res_partner_6,2015-08-26 05:23:37
picking_demo_253,stock.picking_type_out,stock.picking,(Forecast Demo) WH/Stock iPad Retina Display Sale 8,base.res_partner_5,2015-01-04 05:06:06
picking_demo_254,stock.picking_type_out,stock.picking,(Forecast Demo) WH/Stock iPad Retina Display Sale 9,base.res_partner_5,2015-05-23 08:53:12
picking_demo_255,stock.picking_type_out,stock.picking,(Forecast Demo) WH/Stock iPad Retina Display Sale 10,base.res_partner_1,2015-06-12 04:09:03
picking_demo_256,stock.picking_type_out,stock.picking,(Forecast Demo) WH/Stock iPad Retina Display Sale 11,base.res_partner_5,2015-02-06 09:11:49
picking_demo_257,stock.picking_type_out,stock.picking,(Forecast Demo) WH/Stock iPad Retina Display Sale 12,base.res_partner_4,2015-02-17 11:17:54
picking_demo_258,stock.picking_type_out,stock.picking,(Forecast Demo) WH/Stock iPad Retina Display Sale 13,base.res_partner_4,2015-03-14 02:24:41
picking_demo_259,stock.picking_type_out,stock.picking,(Forecast Demo) WH/Stock iPad Retina Display Sale 14,base.res_partner_1,2015-01-29 17:14:33
picking_demo_260,stock.picking_type_out,stock.picking,(Forecast Demo) WH/Stock iPad Retina Display Sale 15,base.res_partner_6,2015-04-10 22:17:51
picking_demo_261,stock.picking_type_out,stock.picking,(Forecast Demo) WH/Stock iPad Retina Display Sale 16,base.res_partner_5,2015-03-20 00:19:25
picking_demo_262,stock.picking_type_out,stock.picking,(Forecast Demo) WH/Stock iPad Retina Display Sale 17,base.res_partner_3,2015-02-21 05:18:11
picking_demo_263,stock.picking_type_out,stock.picking,(Forecast Demo) WH/Stock iPad Retina Display Sale 18,base.res_partner_5,2015-05-26 12:43:01
picking_demo_264,stock.picking_type_out,stock.picking,(Forecast Demo) WH/Stock iPad Retina Display Sale 19,base.res_partner_3,2015-06-30 09:58:49
picking_demo_265,stock.picking_type_out,stock.picking,(Forecast Demo) WH/Stock iPad Retina Display Sale 20,base.res_partner_1,2015-07-20 05:04:22
picking_demo_266,stock.picking_type_out,stock.picking,(Forecast Demo) WH/Stock iPad Retina Display Sale 21,base.res_partner_3,2015-01-18 22:47:10
picking_demo_267,stock.picking_type_out,stock.picking,(Forecast Demo) WH/Stock iPad Retina Display Sale 22,base.res_partner_4,2015-06-11 03:39:12
picking_demo_268,stock.picking_type_out,stock.picking,(Forecast Demo) WH/Stock iPad Retina Display Sale 23,base.res_partner_6,2015-03-02 19:58:35
picking_demo_269,stock.picking_type_out,stock.picking,(Forecast Demo) WH/Stock iPad Retina Display Sale 24,base.res_partner_6,2015-05-31 12:51:07
picking_demo_270,stock.picking_type_out,stock.picking,(Forecast Demo) WH/Stock iPad Retina Display Sale 25,base.res_partner_6,2015-02-02 22:03:45
picking_demo_271,stock.picking_type_out,stock.picking,(Forecast Demo) WH/Stock iPad Retina Display Sale 26,base.res_partner_1,2015-01-08 19:17:38
picking_demo_272,stock.picking_type_out,stock.picking,(Forecast Demo) WH/Stock iPad Retina Display Sale 27,base.res_partner_4,2015-03-22 00:11:14
picking_demo_273,stock.picking_type_out,stock.picking,(Forecast Demo) WH/Stock iPad Retina Display Sale 28,base.res_partner_6,2015-09-19 03:29:47
picking_demo_274,stock.picking_type_out,stock.picking,(Forecast Demo) WH/Stock iPad Retina Display Sale 29,base.res_partner_1,2015-09-08 23:48:23
picking_demo_275,stock.picking_type_out,stock.picking,(Forecast Demo) WH/Stock iPad Retina Display Sale 30,base.res_partner_6,2015-05-30 08:21:26
picking_demo_276,stock.picking_type_out,stock.picking,(Forecast Demo) WH/Stock iPad Retina Display Sale 31,base.res_partner_4,2015-04-09 09:04:35
picking_demo_277,stock.picking_type_out,stock.picking,(Forecast Demo) WH/Stock iPad Retina Display Sale 32,base.res_partner_6,2015-02-14 18:21:55
picking_demo_278,stock.picking_type_out,stock.picking,(Forecast Demo) WH/Stock iPad Retina Display Sale 33,base.res_partner_1,2015-07-14 03:37:02
picking_demo_279,stock.picking_type_out,stock.picking,(Forecast Demo) WH/Stock iPad Retina Display Sale 34,base.res_partner_1,2015-09-23 21:02:59
picking_demo_280,stock.picking_type_out,stock.picking,(Forecast Demo) WH/Stock iPad Retina Display Sale 35,base.res_partner_1,2015-07-15 18:24:53
picking_demo_281,stock.picking_type_out,stock.picking,(Forecast Demo) WH/Stock iPad Retina Display Sale 36,base.res_partner_5,2015-02-21 06:53:53
picking_demo_282,stock.picking_type_out,stock.picking,(Forecast Demo) WH/Stock iPad Retina Display Sale 37,base.res_partner_6,2015-09-02 12:22:07
picking_demo_283,stock.picking_type_out,stock.picking,(Forecast Demo) WH/Stock iPad Retina Display Sale 38,base.res_partner_1,2015-03-02 15:02:17
picking_demo_284,stock.picking_type_out,stock.picking,(Forecast Demo) WH/Stock iPad Retina Display Sale 39,base.res_partner_4,2015-02-23 04:45:43
picking_demo_285,stock.picking_type_out,stock.picking,(Forecast Demo) WH/Stock iPad Retina Display Sale 40,base.res_partner_1,2015-02-24 09:41:22
picking_demo_286,stock.picking_type_out,stock.picking,(Forecast Demo) WH/Stock iPad Retina Display Sale 41,base.res_partner_5,2015-08-07 09:32:38
picking_demo_287,stock.picking_type_out,stock.picking,(Forecast Demo) WH/Stock iPad Retina Display Sale 42,base.res_partner_4,2015-09-23 00:35:46
picking_demo_288,stock.picking_type_out,stock.picking,(Forecast Demo) WH/Stock iPad Retina Display Sale 43,base.res_partner_1,2015-09-19 21:15:29
picking_demo_289,stock.picking_type_out,stock.picking,(Forecast Demo) WH/Stock iPad Retina Display Sale 44,base.res_partner_3,2015-04-01 15:53:40
picking_demo_290,stock.picking_type_out,stock.picking,(Forecast Demo) WH/Stock iPad Retina Display Sale 45,base.res_partner_4,2015-04-26 06:21:02
picking_demo_291,stock.picking_type_out,stock.picking,(Forecast Demo) WH/Stock iPad Retina Display Sale 46,base.res_partner_6,2015-04-23 03:23:32
picking_demo_292,stock.picking_type_out,stock.picking,(Forecast Demo) WH/Stock iPad Retina Display Sale 47,base.res_partner_4,2015-06-18 07:35:23
picking_demo_293,stock.picking_type_out,stock.picking,(Forecast Demo) WH/Stock iPad Retina Display Sale 48,base.res_partner_3,2015-03-30 15:58:31
picking_demo_294,stock.picking_type_out,stock.picking,(Forecast Demo) WH/Stock iPad Retina Display Sale 49,base.res_partner_6,2015-04-19 08:13:41
picking_demo_295,stock.picking_type_out,stock.picking,(Forecast Demo) WH/Stock iPad Retina Display Sale 50,base.res_partner_5,2015-06-17 20:04:55
picking_demo_296,stock.picking_type_out,stock.picking,(Forecast Demo) WH/Stock iPad Retina Display Sale 51,base.res_partner_6,2015-05-26 07:33:07
picking_demo_297,stock.picking_type_out,stock.picking,(Forecast Demo) WH/Stock iPad Retina Display Sale 52,base.res_partner_3,2015-07-27 04:26:39
picking_demo_298,stock.picking_type_out,stock.picking,(Forecast Demo) WH/Stock iPad Retina Display Sale 53,base.res_partner_3,2015-01-27 11:58:47
picking_demo_299,stock.picking_type_out,stock.picking,(Forecast Demo) WH/Stock iPad Retina Display Sale 54,base.res_partner_3,2015-09-10 09:42:09
picking_demo_300,stock.picking_type_out,stock.picking,(Forecast Demo) WH/Stock iPad Retina Display Sale 55,base.res_partner_6,2015-05-18 00:28:23
picking_demo_301,stock.picking_type_out,stock.picking,(Forecast Demo) WH/Stock iPad Retina Display Sale 56,base.res_partner_5,2015-02-15 04:27:10
picking_demo_302,stock.picking_type_out,stock.picking,(Forecast Demo) WH/Stock iPad Retina Display Sale 57,base.res_partner_3,2015-09-02 16:47:38
picking_demo_303,stock.picking_type_out,stock.picking,(Forecast Demo) WH/Stock iPad Retina Display Sale 58,base.res_partner_4,2015-01-19 20:27:30
picking_demo_304,stock.picking_type_out,stock.picking,(Forecast Demo) WH/Stock iPad Retina Display Sale 59,base.res_partner_1,2015-02-23 06:58:24
picking_demo_305,stock.picking_type_out,stock.picking,(Forecast Demo) WH/Stock iPad Retina Display Sale 60,base.res_partner_3,2015-04-23 02:23:25
picking_demo_306,stock.picking_type_out,stock.picking,(Forecast Demo) WH/Stock iPad Retina Display Sale 61,base.res_partner_4,2015-07-11 06:14:10
picking_demo_307,stock.picking_type_out,stock.picking,(Forecast Demo) WH/Stock iPad Retina Display Sale 62,base.res_partner_5,2015-04-26 22:19:30
picking_demo_308,stock.picking_type_out,stock.picking,(Forecast Demo) WH/Stock iPad Retina Display Sale 63,base.res_partner_4,2015-01-02 20:11:59
picking_demo_309,stock.picking_type_out,stock.picking,(Forecast Demo) WH/Stock iPad Retina Display Sale 64,base.res_partner_4,2015-05-02 14:30:10
picking_demo_310,stock.picking_type_out,stock.picking,(Forecast Demo) WH/Stock iPad Retina Display Sale 65,base.res_partner_4,2015-01-01 03:31:34
picking_demo_311,stock.picking_type_out,stock.picking,(Forecast Demo) WH/Stock iPad Retina Display Sale 66,base.res_partner_4,2015-06-16 12:29:35
picking_demo_312,stock.picking_type_out,stock.picking,(Forecast Demo) WH/Stock iPad Retina Display Sale 67,base.res_partner_6,2015-08-05 22:21:05
picking_demo_313,stock.picking_type_out,stock.picking,(Forecast Demo) WH/Stock iPad Retina Display Sale 68,base.res_partner_6,2015-04-27 10:10:34
picking_demo_314,stock.picking_type_out,stock.picking,(Forecast Demo) WH/Stock iPad Retina Display Sale 69,base.res_partner_6,2015-08-17 08:58:38
picking_demo_315,stock.picking_type_out,stock.picking,(Forecast Demo) WH/Stock iPad Retina Display Sale 70,base.res_partner_3,2015-08-21 12:34:36
picking_demo_316,stock.picking_type_out,stock.picking,(Forecast Demo) WH/Stock iPad Retina Display Sale 71,base.res_partner_1,2015-06-19 22:52:48
picking_demo_317,stock.picking_type_out,stock.picking,(Forecast Demo) WH/Stock iPad Retina Display Sale 72,base.res_partner_5,2015-08-06 03:25:51
picking_demo_318,stock.picking_type_out,stock.picking,(Forecast Demo) WH/Stock iPad Retina Display Sale 73,base.res_partner_6,2015-05-10 17:12:57
picking_demo_319,stock.picking_type_out,stock.picking,(Forecast Demo) WH/Stock iPad Retina Display Sale 74,base.res_partner_1,2015-04-27 06:12:56
picking_demo_320,stock.picking_type_out,stock.picking,(Forecast Demo) WH/Stock iPad Retina Display Sale 75,base.res_partner_3,2015-03-14 02:36:22
picking_demo_321,stock.picking_type_out,stock.picking,(Forecast Demo) WH/Stock iPad Retina Display Sale 76,base.res_partner_5,2015-01-14 05:43:31
picking_demo_322,stock.picking_type_out,stock.picking,(Forecast Demo) WH/Stock iPad Retina Display Sale 77,base.res_partner_4,2015-07-10 18:56:46
picking_demo_323,stock.picking_type_out,stock.picking,(Forecast Demo) WH/Stock iPad Retina Display Sale 78,base.res_partner_6,2015-03-25 13:53:45
picking_demo_324,stock.picking_type_out,stock.picking,(Forecast Demo) WH/Stock iPad Retina Display Sale 79,base.res_partner_1,2015-03-13 04:05:04
picking_demo_325,stock.picking_type_out,stock.picking,(Forecast Demo) WH/Stock iPad Retina Display Sale 80,base.res_partner_3,2015-06-23 12:03:20
picking_demo_326,stock.picking_type_out,stock.picking,(Forecast Demo) WH/Stock iPod Sale 1,base.res_partner_6,2015-05-04 12:50:29
picking_demo_327,stock.picking_type_out,stock.picking,(Forecast Demo) WH/Stock iPod Sale 2,base.res_partner_3,2015-02-14 14:19:09
picking_demo_328,stock.picking_type_out,stock.picking,(Forecast Demo) WH/Stock iPod Sale 3,base.res_partner_4,2015-07-05 22:42:42
picking_demo_329,stock.picking_type_out,stock.picking,(Forecast Demo) WH/Stock iPod Sale 4,base.res_partner_1,2015-02-02 21:44:44
picking_demo_330,stock.picking_type_out,stock.picking,(Forecast Demo) WH/Stock iPod Sale 5,base.res_partner_6,2015-04-21 14:52:59
picking_demo_331,stock.picking_type_out,stock.picking,(Forecast Demo) WH/Stock iPod Sale 6,base.res_partner_1,2015-04-26 22:54:24
picking_demo_332,stock.picking_type_out,stock.picking,(Forecast Demo) WH/Stock iPod Sale 7,base.res_partner_5,2015-04-03 23:55:17
picking_demo_333,stock.picking_type_out,stock.picking,(Forecast Demo) WH/Stock iPod Sale 8,base.res_partner_1,2015-07-25 13:28:45
picking_demo_334,stock.picking_type_out,stock.picking,(Forecast Demo) WH/Stock iPod Sale 9,base.res_partner_4,2015-08-15 01:26:58
picking_demo_335,stock.picking_type_out,stock.picking,(Forecast Demo) WH/Stock iPod Sale 10,base.res_partner_3,2015-07-26 04:31:35
picking_demo_336,stock.picking_type_out,stock.picking,(Forecast Demo) WH/Stock iPod Sale 11,base.res_partner_5,2015-05-17 18:57:00
picking_demo_337,stock.picking_type_out,stock.picking,(Forecast Demo) WH/Stock iPod Sale 12,base.res_partner_5,2015-09-07 15:33:42
picking_demo_338,stock.picking_type_out,stock.picking,(Forecast Demo) WH/Stock iPod Sale 13,base.res_partner_1,2015-08-07 07:30:52
picking_demo_339,stock.picking_type_out,stock.picking,(Forecast Demo) WH/Stock iPod Sale 14,base.res_partner_1,2015-06-24 01:03:04
picking_demo_340,stock.picking_type_out,stock.picking,(Forecast Demo) WH/Stock iPod Sale 15,base.res_partner_3,2015-06-13 16:15:04
picking_demo_341,stock.picking_type_out,stock.picking,(Forecast Demo) WH/Stock iPod Sale 16,base.res_partner_5,2015-06-18 11:46:52
picking_demo_342,stock.picking_type_out,stock.picking,(Forecast Demo) WH/Stock iPod Sale 17,base.res_partner_5,2015-04-01 20:27:23
picking_demo_343,stock.picking_type_out,stock.picking,(Forecast Demo) WH/Stock iPod Sale 18,base.res_partner_5,2015-01-17 13:10:58
picking_demo_344,stock.picking_type_out,stock.picking,(Forecast Demo) WH/Stock iPod Sale 19,base.res_partner_6,2015-02-28 05:41:53
picking_demo_345,stock.picking_type_out,stock.picking,(Forecast Demo) WH/Stock iPod Sale 20,base.res_partner_3,2015-07-20 02:56:03
picking_demo_346,stock.picking_type_out,stock.picking,(Forecast Demo) WH/Stock iPod Sale 21,base.res_partner_5,2015-04-06 14:48:38
picking_demo_347,stock.picking_type_out,stock.picking,(Forecast Demo) WH/Stock iPod Sale 22,base.res_partner_4,2015-07-05 05:22:01
picking_demo_348,stock.picking_type_out,stock.picking,(Forecast Demo) WH/Stock iPod Sale 23,base.res_partner_1,2015-05-07 13:47:40
picking_demo_349,stock.picking_type_out,stock.picking,(Forecast Demo) WH/Stock iPod Sale 24,base.res_partner_4,2015-01-09 02:48:10
picking_demo_350,stock.picking_type_out,stock.picking,(Forecast Demo) WH/Stock iPod Sale 25,base.res_partner_6,2015-01-11 04:36:46
picking_demo_351,stock.picking_type_out,stock.picking,(Forecast Demo) WH/Stock iPod Sale 26,base.res_partner_6,2015-08-27 06:27:01
picking_demo_352,stock.picking_type_out,stock.picking,(Forecast Demo) WH/Stock iPod Sale 27,base.res_partner_5,2015-06-25 11:47:01
picking_demo_353,stock.picking_type_out,stock.picking,(Forecast Demo) WH/Stock iPod Sale 28,base.res_partner_5,2015-06-06 03:19:03
picking_demo_354,stock.picking_type_out,stock.picking,(Forecast Demo) WH/Stock iPod Sale 29,base.res_partner_3,2015-07-22 16:37:44
picking_demo_355,stock.picking_type_out,stock.picking,(Forecast Demo) WH/Stock iPod Sale 30,base.res_partner_3,2015-02-04 09:42:52
picking_demo_356,stock.picking_type_out,stock.picking,(Forecast Demo) WH/Stock iPod Sale 31,base.res_partner_4,2015-02-24 00:42:53
picking_demo_357,stock.picking_type_out,stock.picking,(Forecast Demo) WH/Stock iPod Sale 32,base.res_partner_6,2015-07-06 06:22:33
picking_demo_358,stock.picking_type_out,stock.picking,(Forecast Demo) WH/Stock iPod Sale 33,base.res_partner_5,2015-03-25 00:58:24
picking_demo_359,stock.picking_type_out,stock.picking,(Forecast Demo) WH/Stock iPod Sale 34,base.res_partner_4,2015-09-24 17:16:17
picking_demo_360,stock.picking_type_out,stock.picking,(Forecast Demo) WH/Stock iPod Sale 35,base.res_partner_5,2015-04-29 20:18:13
picking_demo_361,stock.picking_type_out,stock.picking,(Forecast Demo) WH/Stock iPod Sale 36,base.res_partner_3,2015-09-27 11:29:36
picking_demo_362,stock.picking_type_out,stock.picking,(Forecast Demo) WH/Stock iPod Sale 37,base.res_partner_5,2015-01-13 21:37:48
picking_demo_363,stock.picking_type_out,stock.picking,(Forecast Demo) WH/Stock iPod Sale 38,base.res_partner_4,2015-01-16 03:29:35
picking_demo_364,stock.picking_type_out,stock.picking,(Forecast Demo) WH/Stock iPod Sale 39,base.res_partner_3,2015-09-22 18:29:09
picking_demo_365,stock.picking_type_out,stock.picking,(Forecast Demo) WH/Stock iPod Sale 40,base.res_partner_4,2015-04-30 19:44:37
picking_demo_366,stock.picking_type_out,stock.picking,(Forecast Demo) WH/Stock iPod Sale 41,base.res_partner_3,2015-07-02 18:03:05
picking_demo_367,stock.picking_type_out,stock.picking,(Forecast Demo) WH/Stock iPod Sale 42,base.res_partner_5,2015-08-08 16:03:13
picking_demo_368,stock.picking_type_out,stock.picking,(Forecast Demo) WH/Stock iPod Sale 43,base.res_partner_6,2015-01-13 04:57:50
picking_demo_369,stock.picking_type_out,stock.picking,(Forecast Demo) WH/Stock iPod Sale 44,base.res_partner_6,2015-08-24 00:32:30
picking_demo_370,stock.picking_type_out,stock.picking,(Forecast Demo) WH/Stock iPod Sale 45,base.res_partner_6,2015-02-03 06:55:29
picking_demo_371,stock.picking_type_out,stock.picking,(Forecast Demo) WH/Stock iPod Sale 46,base.res_partner_5,2015-07-26 12:33:48
picking_demo_372,stock.picking_type_out,stock.picking,(Forecast Demo) WH/Stock iPod Sale 47,base.res_partner_6,2015-01-25 20:57:12
picking_demo_373,stock.picking_type_out,stock.picking,(Forecast Demo) WH/Stock iPod Sale 48,base.res_partner_1,2015-02-16 13:52:53
picking_demo_374,stock.picking_type_out,stock.picking,(Forecast Demo) WH/Stock iPod Sale 49,base.res_partner_3,2015-07-24 02:53:29
picking_demo_375,stock.picking_type_out,stock.picking,(Forecast Demo) WH/Stock iPod Sale 50,base.res_partner_5,2015-09-29 13:50:34
picking_demo_376,stock.picking_type_out,stock.picking,(Forecast Demo) WH/Stock iPod Sale 51,base.res_partner_3,2015-01-25 02:27:55
picking_demo_377,stock.picking_type_out,stock.picking,(Forecast Demo) WH/Stock iPod Sale 52,base.res_partner_4,2015-04-20 22:15:30
picking_demo_378,stock.picking_type_out,stock.picking,(Forecast Demo) WH/Stock iPod Sale 53,base.res_partner_5,2015-09-04 16:17:26
picking_demo_379,stock.picking_type_out,stock.picking,(Forecast Demo) WH/Stock iPod Sale 54,base.res_partner_6,2015-09-29 07:30:06
picking_demo_380,stock.picking_type_out,stock.picking,(Forecast Demo) WH/Stock iPod Sale 55,base.res_partner_1,2015-08-26 13:13:48
picking_demo_381,stock.picking_type_out,stock.picking,(Forecast Demo) WH/Stock iPod Sale 56,base.res_partner_4,2015-06-30 23:22:25
picking_demo_382,stock.picking_type_out,stock.picking,(Forecast Demo) WH/Stock iPod Sale 57,base.res_partner_5,2015-06-18 23:47:00
picking_demo_383,stock.picking_type_out,stock.picking,(Forecast Demo) WH/Stock iPod Sale 58,base.res_partner_1,2015-09-03 06:32:19
picking_demo_384,stock.picking_type_out,stock.picking,(Forecast Demo) WH/Stock iPod Sale 59,base.res_partner_3,2015-01-06 18:10:10
picking_demo_385,stock.picking_type_out,stock.picking,(Forecast Demo) WH/Stock iPod Sale 60,base.res_partner_4,2015-02-07 13:52:21
picking_demo_386,stock.picking_type_out,stock.picking,(Forecast Demo) WH/Stock iPod Sale 61,base.res_partner_1,2015-03-29 02:34:35
picking_demo_387,stock.picking_type_out,stock.picking,(Forecast Demo) WH/Stock iPod Sale 62,base.res_partner_5,2015-05-16 20:57:26
picking_demo_388,stock.picking_type_out,stock.picking,(Forecast Demo) WH/Stock iPod Sale 63,base.res_partner_5,2015-08-13 10:19:54
picking_demo_389,stock.picking_type_out,stock.picking,(Forecast Demo) WH/Stock iPod Sale 64,base.res_partner_1,2015-04-25 17:48:25
picking_demo_390,stock.picking_type_out,stock.picking,(Forecast Demo) WH/Stock iPod Sale 65,base.res_partner_3,2015-09-09 06:23:24
picking_demo_391,stock.picking_type_out,stock.picking,(Forecast Demo) WH/Stock iPod Sale 66,base.res_partner_5,2015-04-02 02:24:43
picking_demo_392,stock.picking_type_out,stock.picking,(Forecast Demo) WH/Stock iPod Sale 67,base.res_partner_4,2015-07-23 18:23:39
picking_demo_393,stock.picking_type_out,stock.picking,(Forecast Demo) WH/Stock iPod Sale 68,base.res_partner_5,2015-02-13 10:18:43
picking_demo_394,stock.picking_type_out,stock.picking,(Forecast Demo) WH/Stock iPod Sale 69,base.res_partner_1,2015-08-18 12:23:58
picking_demo_395,stock.picking_type_out,stock.picking,(Forecast Demo) WH/Stock iPod Sale 70,base.res_partner_3,2015-02-15 14:50:05
picking_demo_396,stock.picking_type_out,stock.picking,(Forecast Demo) WH/Stock iPod Sale 71,base.res_partner_1,2015-02-07 11:22:19
picking_demo_397,stock.picking_type_out,stock.picking,(Forecast Demo) WH/Stock iPod Sale 72,base.res_partner_3,2015-07-10 01:07:42
picking_demo_398,stock.picking_type_out,stock.picking,(Forecast Demo) WH/Stock iPod Sale 73,base.res_partner_4,2015-01-01 14:14:36
picking_demo_399,stock.picking_type_out,stock.picking,(Forecast Demo) WH/Stock iPod Sale 74,base.res_partner_6,2015-06-23 19:10:22
picking_demo_400,stock.picking_type_out,stock.picking,(Forecast Demo) WH/Stock iPod Sale 75,base.res_partner_4,2015-03-15 03:43:33
picking_demo_401,stock.picking_type_out,stock.picking,(Forecast Demo) WH/Stock iPod Sale 76,base.res_partner_3,2015-09-12 00:36:34
picking_demo_402,stock.picking_type_out,stock.picking,(Forecast Demo) WH/Stock iPod Sale 77,base.res_partner_6,2015-09-27 10:57:33
picking_demo_403,stock.picking_type_out,stock.picking,(Forecast Demo) WH/Stock iPod Sale 78,base.res_partner_5,2015-03-14 20:12:48
picking_demo_404,stock.picking_type_out,stock.picking,(Forecast Demo) WH/Stock iPod Sale 79,base.res_partner_5,2015-07-04 08:38:03
picking_demo_405,stock.picking_type_out,stock.picking,(Forecast Demo) WH/Stock iPod Sale 80,base.res_partner_6,2015-08-18 14:56:15
picking_demo_406,stock.picking_type_in,stock.picking,(Forecast Demo) WH/Stock PC Assemble SC234 Purchase 1,base.res_partner_1,2015-02-24 09:09:00
picking_demo_407,stock.picking_type_in,stock.picking,(Forecast Demo) WH/Stock PC Assemble SC234 Purchase 2,base.res_partner_5,2015-01-13 19:09:18
picking_demo_408,stock.picking_type_in,stock.picking,(Forecast Demo) WH/Stock PC Assemble SC234 Purchase 3,base.res_partner_1,2015-04-13 13:41:03
picking_demo_409,stock.picking_type_in,stock.picking,(Forecast Demo) WH/Stock PC Assemble SC234 Purchase 4,base.res_partner_4,2015-04-24 08:41:07
picking_demo_410,stock.picking_type_in,stock.picking,(Forecast Demo) WH/Stock PC Assemble SC234 Purchase 5,base.res_partner_6,2015-07-01 05:04:59
picking_demo_411,stock.picking_type_in,stock.picking,(Forecast Demo) WH/Stock PC Assemble SC234 Purchase 6,base.res_partner_4,2015-03-12 22:56:18
picking_demo_412,stock.picking_type_in,stock.picking,(Forecast Demo) WH/Stock PC Assemble SC234 Purchase 7,base.res_partner_5,2015-06-17 22:12:19
picking_demo_413,stock.picking_type_in,stock.picking,(Forecast Demo) WH/Stock PC Assemble SC234 Purchase 8,base.res_partner_3,2015-02-05 01:35:18
picking_demo_414,stock.picking_type_in,stock.picking,(Forecast Demo) WH/Stock PC Assemble SC234 Purchase 9,base.res_partner_1,2015-06-23 11:00:57
picking_demo_415,stock.picking_type_in,stock.picking,(Forecast Demo) WH/Stock PC Assemble SC234 Purchase 10,base.res_partner_6,2015-03-21 06:19:49
picking_demo_416,stock.picking_type_in,stock.picking,(Forecast Demo) WH/Stock PC Assemble SC234 Purchase 11,base.res_partner_1,2015-08-16 10:46:14
picking_demo_417,stock.picking_type_in,stock.picking,(Forecast Demo) WH/Stock PC Assemble SC234 Purchase 12,base.res_partner_4,2015-05-26 03:58:01
picking_demo_418,stock.picking_type_in,stock.picking,(Forecast Demo) WH/Stock PC Assemble SC234 Purchase 13,base.res_partner_5,2015-08-21 03:56:20
picking_demo_419,stock.picking_type_in,stock.picking,(Forecast Demo) WH/Stock PC Assemble SC234 Purchase 14,base.res_partner_1,2015-09-13 01:38:26
picking_demo_420,stock.picking_type_in,stock.picking,(Forecast Demo) WH/Stock PC Assemble SC234 Purchase 15,base.res_partner_1,2015-02-14 08:36:52
picking_demo_421,stock.picking_type_in,stock.picking,(Forecast Demo) WH/Stock PC Assemble SC234 Purchase 16,base.res_partner_3,2015-04-25 00:13:41
picking_demo_422,stock.picking_type_in,stock.picking,(Forecast Demo) WH/Stock PC Assemble + Custom (PC on Demand) Purchase 1,base.res_partner_1,2015-01-13 21:45:04
picking_demo_423,stock.picking_type_in,stock.picking,(Forecast Demo) WH/Stock PC Assemble + Custom (PC on Demand) Purchase 2,base.res_partner_4,2015-03-09 16:46:37
picking_demo_424,stock.picking_type_in,stock.picking,(Forecast Demo) WH/Stock PC Assemble + Custom (PC on Demand) Purchase 3,base.res_partner_3,2015-06-15 13:36:00
picking_demo_425,stock.picking_type_in,stock.picking,(Forecast Demo) WH/Stock PC Assemble + Custom (PC on Demand) Purchase 4,base.res_partner_1,2015-02-13 10:59:41
picking_demo_426,stock.picking_type_in,stock.picking,(Forecast Demo) WH/Stock PC Assemble + Custom (PC on Demand) Purchase 5,base.res_partner_6,2015-07-16 22:44:29
picking_demo_427,stock.picking_type_in,stock.picking,(Forecast Demo) WH/Stock PC Assemble + Custom (PC on Demand) Purchase 6,base.res_partner_6,2015-06-14 04:21:25
picking_demo_428,stock.picking_type_in,stock.picking,(Forecast Demo) WH/Stock PC Assemble + Custom (PC on Demand) Purchase 7,base.res_partner_6,2015-05-26 14:17:05
picking_demo_429,stock.picking_type_in,stock.picking,(Forecast Demo) WH/Stock PC Assemble + Custom (PC on Demand) Purchase 8,base.res_partner_3,2015-07-17 18:23:29
picking_demo_430,stock.picking_type_in,stock.picking,(Forecast Demo) WH/Stock PC Assemble + Custom (PC on Demand) Purchase 9,base.res_partner_3,2015-03-19 03:24:53
picking_demo_431,stock.picking_type_in,stock.picking,(Forecast Demo) WH/Stock PC Assemble + Custom (PC on Demand) Purchase 10,base.res_partner_3,2015-04-15 21:38:16
picking_demo_432,stock.picking_type_in,stock.picking,(Forecast Demo) WH/Stock PC Assemble + Custom (PC on Demand) Purchase 11,base.res_partner_6,2015-06-09 21:02:21
picking_demo_433,stock.picking_type_in,stock.picking,(Forecast Demo) WH/Stock PC Assemble + Custom (PC on Demand) Purchase 12,base.res_partner_6,2015-06-24 13:42:37
picking_demo_434,stock.picking_type_in,stock.picking,(Forecast Demo) WH/Stock PC Assemble + Custom (PC on Demand) Purchase 13,base.res_partner_5,2015-04-11 09:24:58
picking_demo_435,stock.picking_type_in,stock.picking,(Forecast Demo) WH/Stock PC Assemble + Custom (PC on Demand) Purchase 14,base.res_partner_1,2015-02-21 06:05:27
picking_demo_436,stock.picking_type_in,stock.picking,(Forecast Demo) WH/Stock PC Assemble + Custom (PC on Demand) Purchase 15,base.res_partner_3,2015-07-30 06:11:30
picking_demo_437,stock.picking_type_in,stock.picking,(Forecast Demo) WH/Stock PC Assemble + Custom (PC on Demand) Purchase 16,base.res_partner_1,2015-02-13 02:41:16
picking_demo_438,stock.picking_type_in,stock.picking,(Forecast Demo) WH/Stock iMac Purchase 1,base.res_partner_3,2015-02-08 12:28:13
picking_demo_439,stock.picking_type_in,stock.picking,(Forecast Demo) WH/Stock iMac Purchase 2,base.res_partner_1,2015-05-14 00:24:08
picking_demo_440,stock.picking_type_in,stock.picking,(Forecast Demo) WH/Stock iMac Purchase 3,base.res_partner_5,2015-03-05 21:31:23
picking_demo_441,stock.picking_type_in,stock.picking,(Forecast Demo) WH/Stock iMac Purchase 4,base.res_partner_3,2015-02-15 21:14:10
picking_demo_442,stock.picking_type_in,stock.picking,(Forecast Demo) WH/Stock iMac Purchase 5,base.res_partner_1,2015-09-04 13:34:44
picking_demo_443,stock.picking_type_in,stock.picking,(Forecast Demo) WH/Stock iMac Purchase 6,base.res_partner_3,2015-05-15 19:30:17
picking_demo_444,stock.picking_type_in,stock.picking,(Forecast Demo) WH/Stock iMac Purchase 7,base.res_partner_3,2015-08-09 01:59:57
picking_demo_445,stock.picking_type_in,stock.picking,(Forecast Demo) WH/Stock iMac Purchase 8,base.res_partner_3,2015-07-01 00:59:53
picking_demo_446,stock.picking_type_in,stock.picking,(Forecast Demo) WH/Stock iMac Purchase 9,base.res_partner_5,2015-08-08 08:25:20
picking_demo_447,stock.picking_type_in,stock.picking,(Forecast Demo) WH/Stock iMac Purchase 10,base.res_partner_4,2015-05-03 00:52:25
picking_demo_448,stock.picking_type_in,stock.picking,(Forecast Demo) WH/Stock iMac Purchase 11,base.res_partner_1,2015-02-08 02:53:33
picking_demo_449,stock.picking_type_in,stock.picking,(Forecast Demo) WH/Stock iMac Purchase 12,base.res_partner_1,2015-07-12 08:20:39
picking_demo_450,stock.picking_type_in,stock.picking,(Forecast Demo) WH/Stock iMac Purchase 13,base.res_partner_6,2015-04-29 06:59:19
picking_demo_451,stock.picking_type_in,stock.picking,(Forecast Demo) WH/Stock iMac Purchase 14,base.res_partner_1,2015-03-05 20:41:12
picking_demo_452,stock.picking_type_in,stock.picking,(Forecast Demo) WH/Stock iMac Purchase 15,base.res_partner_1,2015-08-30 12:47:46
picking_demo_453,stock.picking_type_in,stock.picking,(Forecast Demo) WH/Stock iMac Purchase 16,base.res_partner_3,2015-05-23 11:27:42
picking_demo_454,stock.picking_type_in,stock.picking,(Forecast Demo) WH/Stock iPad Retina Display Purchase 1,base.res_partner_1,2015-05-10 22:38:23
picking_demo_455,stock.picking_type_in,stock.picking,(Forecast Demo) WH/Stock iPad Retina Display Purchase 2,base.res_partner_6,2015-02-25 17:02:43
picking_demo_456,stock.picking_type_in,stock.picking,(Forecast Demo) WH/Stock iPad Retina Display Purchase 3,base.res_partner_4,2015-04-20 15:18:42
picking_demo_457,stock.picking_type_in,stock.picking,(Forecast Demo) WH/Stock iPad Retina Display Purchase 4,base.res_partner_4,2015-08-31 04:44:56
picking_demo_458,stock.picking_type_in,stock.picking,(Forecast Demo) WH/Stock iPad Retina Display Purchase 5,base.res_partner_1,2015-08-13 05:02:33
picking_demo_459,stock.picking_type_in,stock.picking,(Forecast Demo) WH/Stock iPad Retina Display Purchase 6,base.res_partner_1,2015-04-16 09:41:29
picking_demo_460,stock.picking_type_in,stock.picking,(Forecast Demo) WH/Stock iPad Retina Display Purchase 7,base.res_partner_6,2015-02-15 17:20:42
picking_demo_461,stock.picking_type_in,stock.picking,(Forecast Demo) WH/Stock iPad Retina Display Purchase 8,base.res_partner_1,2015-07-29 00:08:02
picking_demo_462,stock.picking_type_in,stock.picking,(Forecast Demo) WH/Stock iPad Retina Display Purchase 9,base.res_partner_6,2015-01-08 10:19:50
picking_demo_463,stock.picking_type_in,stock.picking,(Forecast Demo) WH/Stock iPad Retina Display Purchase 10,base.res_partner_1,2015-07-18 21:58:07
picking_demo_464,stock.picking_type_in,stock.picking,(Forecast Demo) WH/Stock iPad Retina Display Purchase 11,base.res_partner_1,2015-04-13 01:35:28
picking_demo_465,stock.picking_type_in,stock.picking,(Forecast Demo) WH/Stock iPad Retina Display Purchase 12,base.res_partner_3,2015-08-21 15:04:28
picking_demo_466,stock.picking_type_in,stock.picking,(Forecast Demo) WH/Stock iPad Retina Display Purchase 13,base.res_partner_3,2015-07-24 22:57:32
picking_demo_467,stock.picking_type_in,stock.picking,(Forecast Demo) WH/Stock iPad Retina Display Purchase 14,base.res_partner_3,2015-03-10 05:37:27
picking_demo_468,stock.picking_type_in,stock.picking,(Forecast Demo) WH/Stock iPad Retina Display Purchase 15,base.res_partner_1,2015-08-24 01:38:33
picking_demo_469,stock.picking_type_in,stock.picking,(Forecast Demo) WH/Stock iPad Retina Display Purchase 16,base.res_partner_6,2015-06-30 20:12:34
picking_demo_470,stock.picking_type_in,stock.picking,(Forecast Demo) WH/Stock iPod Purchase 1,base.res_partner_3,2015-05-12 02:44:45
picking_demo_471,stock.picking_type_in,stock.picking,(Forecast Demo) WH/Stock iPod Purchase 2,base.res_partner_5,2015-07-29 21:35:18
picking_demo_472,stock.picking_type_in,stock.picking,(Forecast Demo) WH/Stock iPod Purchase 3,base.res_partner_6,2015-09-12 03:16:13
picking_demo_473,stock.picking_type_in,stock.picking,(Forecast Demo) WH/Stock iPod Purchase 4,base.res_partner_6,2015-03-14 14:43:16
picking_demo_474,stock.picking_type_in,stock.picking,(Forecast Demo) WH/Stock iPod Purchase 5,base.res_partner_6,2015-08-17 01:59:30
picking_demo_475,stock.picking_type_in,stock.picking,(Forecast Demo) WH/Stock iPod Purchase 6,base.res_partner_5,2015-04-17 00:10:33
picking_demo_476,stock.picking_type_in,stock.picking,(Forecast Demo) WH/Stock iPod Purchase 7,base.res_partner_1,2015-01-17 14:56:53
picking_demo_477,stock.picking_type_in,stock.picking,(Forecast Demo) WH/Stock iPod Purchase 8,base.res_partner_1,2015-05-11 11:44:31
picking_demo_478,stock.picking_type_in,stock.picking,(Forecast Demo) WH/Stock iPod Purchase 9,base.res_partner_3,2015-03-13 09:07:19
picking_demo_479,stock.picking_type_in,stock.picking,(Forecast Demo) WH/Stock iPod Purchase 10,base.res_partner_3,2015-06-30 07:58:11
picking_demo_480,stock.picking_type_in,stock.picking,(Forecast Demo) WH/Stock iPod Purchase 11,base.res_partner_4,2015-01-18 23:41:25
picking_demo_481,stock.picking_type_in,stock.picking,(Forecast Demo) WH/Stock iPod Purchase 12,base.res_partner_6,2015-04-26 01:33:49
picking_demo_482,stock.picking_type_in,stock.picking,(Forecast Demo) WH/Stock iPod Purchase 13,base.res_partner_1,2015-03-10 01:26:07
picking_demo_483,stock.picking_type_in,stock.picking,(Forecast Demo) WH/Stock iPod Purchase 14,base.res_partner_5,2015-07-23 03:58:24
picking_demo_484,stock.picking_type_in,stock.picking,(Forecast Demo) WH/Stock iPod Purchase 15,base.res_partner_1,2015-02-24 23:15:00
picking_demo_485,stock.picking_type_in,stock.picking,(Forecast Demo) WH/Stock iPod Purchase 16,base.res_partner_1,2015-05-03 14:07:04
picking_demo_486,stock.picking_type_internal,stock.picking,(Forecast Demo) WH/Stock PC Assemble SC234 Internal Move 1,base.res_partner_3,2015-03-25 06:43:33
picking_demo_487,stock.picking_type_internal,stock.picking,(Forecast Demo) WH/Stock PC Assemble SC234 Internal Move 2,base.res_partner_4,2015-05-02 01:06:24
picking_demo_488,stock.picking_type_internal,stock.picking,(Forecast Demo) WH/Stock PC Assemble SC234 Internal Move 3,base.res_partner_5,2015-01-09 22:14:28
picking_demo_489,stock.picking_type_internal,stock.picking,(Forecast Demo) WH/Stock PC Assemble SC234 Internal Move 4,base.res_partner_3,2015-04-17 07:57:22
picking_demo_490,stock.picking_type_internal,stock.picking,(Forecast Demo) WH/Stock PC Assemble SC234 Internal Move 5,base.res_partner_1,2015-06-24 02:36:34
picking_demo_491,stock.picking_type_internal,stock.picking,(Forecast Demo) WH/Stock PC Assemble SC234 Internal Move 6,base.res_partner_6,2015-02-22 20:28:05
picking_demo_492,stock.picking_type_internal,stock.picking,(Forecast Demo) WH/Stock PC Assemble SC234 Internal Move 7,base.res_partner_6,2015-04-23 08:41:25
picking_demo_493,stock.picking_type_internal,stock.picking,(Forecast Demo) WH/Stock PC Assemble SC234 Internal Move 8,base.res_partner_1,2015-06-24 14:14:53
picking_demo_494,stock.picking_type_internal,stock.picking,(Forecast Demo) WH/Stock PC Assemble SC234 Internal Move 9,base.res_partner_5,2015-02-13 13:40:50
picking_demo_495,stock.picking_type_internal,stock.picking,(Forecast Demo) WH/Stock PC Assemble SC234 Internal Move 10,base.res_partner_3,2015-05-05 10:25:08
picking_demo_496,stock.picking_type_internal,stock.picking,(Forecast Demo) WH/Stock PC Assemble SC234 Internal Move 11,base.res_partner_1,2015-02-17 00:23:16
picking_demo_497,stock.picking_type_internal,stock.picking,(Forecast Demo) WH/Stock PC Assemble SC234 Internal Move 12,base.res_partner_5,2015-08-20 09:04:15
picking_demo_498,stock.picking_type_internal,stock.picking,(Forecast Demo) WH/Stock PC Assemble SC234 Internal Move 13,base.res_partner_1,2015-03-26 01:05:15
picking_demo_499,stock.picking_type_internal,stock.picking,(Forecast Demo) WH/Stock PC Assemble SC234 Internal Move 14,base.res_partner_4,2015-08-15 11:00:55
picking_demo_500,stock.picking_type_internal,stock.picking,(Forecast Demo) WH/Stock PC Assemble SC234 Internal Move 15,base.res_partner_4,2015-03-20 02:37:13
picking_demo_501,stock.picking_type_internal,stock.picking,(Forecast Demo) WH/Stock PC Assemble SC234 Internal Move 16,base.res_partner_5,2015-02-21 13:40:33
picking_demo_502,stock.picking_type_internal,stock.picking,(Forecast Demo) WH/Stock PC Assemble + Custom (PC on Demand) Internal Move 1,base.res_partner_4,2015-07-10 23:36:44
picking_demo_503,stock.picking_type_internal,stock.picking,(Forecast Demo) WH/Stock PC Assemble + Custom (PC on Demand) Internal Move 2,base.res_partner_5,2015-03-20 06:06:35
picking_demo_504,stock.picking_type_internal,stock.picking,(Forecast Demo) WH/Stock PC Assemble + Custom (PC on Demand) Internal Move 3,base.res_partner_1,2015-01-25 10:31:27
picking_demo_505,stock.picking_type_internal,stock.picking,(Forecast Demo) WH/Stock PC Assemble + Custom (PC on Demand) Internal Move 4,base.res_partner_3,2015-04-18 03:10:49
picking_demo_506,stock.picking_type_internal,stock.picking,(Forecast Demo) WH/Stock PC Assemble + Custom (PC on Demand) Internal Move 5,base.res_partner_4,2015-04-26 03:23:40
picking_demo_507,stock.picking_type_internal,stock.picking,(Forecast Demo) WH/Stock PC Assemble + Custom (PC on Demand) Internal Move 6,base.res_partner_1,2015-03-31 21:50:53
picking_demo_508,stock.picking_type_internal,stock.picking,(Forecast Demo) WH/Stock PC Assemble + Custom (PC on Demand) Internal Move 7,base.res_partner_1,2015-02-08 02:12:02
picking_demo_509,stock.picking_type_internal,stock.picking,(Forecast Demo) WH/Stock PC Assemble + Custom (PC on Demand) Internal Move 8,base.res_partner_4,2015-01-26 07:30:22
picking_demo_510,stock.picking_type_internal,stock.picking,(Forecast Demo) WH/Stock PC Assemble + Custom (PC on Demand) Internal Move 9,base.res_partner_6,2015-01-19 18:50:30
picking_demo_511,stock.picking_type_internal,stock.picking,(Forecast Demo) WH/Stock PC Assemble + Custom (PC on Demand) Internal Move 10,base.res_partner_1,2015-02-05 19:54:36
picking_demo_512,stock.picking_type_internal,stock.picking,(Forecast Demo) WH/Stock PC Assemble + Custom (PC on Demand) Internal Move 11,base.res_partner_5,2015-07-25 07:10:44
picking_demo_513,stock.picking_type_internal,stock.picking,(Forecast Demo) WH/Stock PC Assemble + Custom (PC on Demand) Internal Move 12,base.res_partner_3,2015-07-14 09:30:57
picking_demo_514,stock.picking_type_internal,stock.picking,(Forecast Demo) WH/Stock PC Assemble + Custom (PC on Demand) Internal Move 13,base.res_partner_3,2015-08-07 11:44:51
picking_demo_515,stock.picking_type_internal,stock.picking,(Forecast Demo) WH/Stock PC Assemble + Custom (PC on Demand) Internal Move 14,base.res_partner_6,2015-07-23 11:36:50
picking_demo_516,stock.picking_type_internal,stock.picking,(Forecast Demo) WH/Stock PC Assemble + Custom (PC on Demand) Internal Move 15,base.res_partner_1,2015-06-10 01:42:29
picking_demo_517,stock.picking_type_internal,stock.picking,(Forecast Demo) WH/Stock PC Assemble + Custom (PC on Demand) Internal Move 16,base.res_partner_3,2015-03-05 04:12:43
picking_demo_518,stock.picking_type_internal,stock.picking,(Forecast Demo) WH/Stock iMac Internal Move 1,base.res_partner_4,2015-03-02 20:25:15
picking_demo_519,stock.picking_type_internal,stock.picking,(Forecast Demo) WH/Stock iMac Internal Move 2,base.res_partner_4,2015-04-02 13:35:53
picking_demo_520,stock.picking_type_internal,stock.picking,(Forecast Demo) WH/Stock iMac Internal Move 3,base.res_partner_3,2015-08-26 02:24:36
picking_demo_521,stock.picking_type_internal,stock.picking,(Forecast Demo) WH/Stock iMac Internal Move 4,base.res_partner_1,2015-01-29 05:25:06
picking_demo_522,stock.picking_type_internal,stock.picking,(Forecast Demo) WH/Stock iMac Internal Move 5,base.res_partner_3,2015-06-28 03:08:21
picking_demo_523,stock.picking_type_internal,stock.picking,(Forecast Demo) WH/Stock iMac Internal Move 6,base.res_partner_1,2015-05-11 12:32:01
picking_demo_524,stock.picking_type_internal,stock.picking,(Forecast Demo) WH/Stock iMac Internal Move 7,base.res_partner_3,2015-03-25 05:30:38
picking_demo_525,stock.picking_type_internal,stock.picking,(Forecast Demo) WH/Stock iMac Internal Move 8,base.res_partner_6,2015-07-10 02:18:47
picking_demo_526,stock.picking_type_internal,stock.picking,(Forecast Demo) WH/Stock iMac Internal Move 9,base.res_partner_6,2015-03-03 22:34:27
picking_demo_527,stock.picking_type_internal,stock.picking,(Forecast Demo) WH/Stock iMac Internal Move 10,base.res_partner_4,2015-08-05 07:30:38
picking_demo_528,stock.picking_type_internal,stock.picking,(Forecast Demo) WH/Stock iMac Internal Move 11,base.res_partner_6,2015-03-26 06:00:52
picking_demo_529,stock.picking_type_internal,stock.picking,(Forecast Demo) WH/Stock iMac Internal Move 12,base.res_partner_1,2015-05-03 06:44:15
picking_demo_530,stock.picking_type_internal,stock.picking,(Forecast Demo) WH/Stock iMac Internal Move 13,base.res_partner_4,2015-07-11 05:44:56
picking_demo_531,stock.picking_type_internal,stock.picking,(Forecast Demo) WH/Stock iMac Internal Move 14,base.res_partner_5,2015-09-15 20:42:26
picking_demo_532,stock.picking_type_internal,stock.picking,(Forecast Demo) WH/Stock iMac Internal Move 15,base.res_partner_1,2015-08-13 05:12:33
picking_demo_533,stock.picking_type_internal,stock.picking,(Forecast Demo) WH/Stock iMac Internal Move 16,base.res_partner_1,2015-01-28 04:29:47
picking_demo_534,stock.picking_type_internal,stock.picking,(Forecast Demo) WH/Stock iPad Retina Display Internal Move 1,base.res_partner_5,2015-08-07 02:35:09
picking_demo_535,stock.picking_type_internal,stock.picking,(Forecast Demo) WH/Stock iPad Retina Display Internal Move 2,base.res_partner_5,2015-07-18 08:49:41
picking_demo_536,stock.picking_type_internal,stock.picking,(Forecast Demo) WH/Stock iPad Retina Display Internal Move 3,base.res_partner_1,2015-06-24 16:14:55
picking_demo_537,stock.picking_type_internal,stock.picking,(Forecast Demo) WH/Stock iPad Retina Display Internal Move 4,base.res_partner_3,2015-03-24 04:38:17
picking_demo_538,stock.picking_type_internal,stock.picking,(Forecast Demo) WH/Stock iPad Retina Display Internal Move 5,base.res_partner_6,2015-03-20 13:56:51
picking_demo_539,stock.picking_type_internal,stock.picking,(Forecast Demo) WH/Stock iPad Retina Display Internal Move 6,base.res_partner_1,2015-09-10 05:39:07
picking_demo_540,stock.picking_type_internal,stock.picking,(Forecast Demo) WH/Stock iPad Retina Display Internal Move 7,base.res_partner_4,2015-08-09 23:11:57
picking_demo_541,stock.picking_type_internal,stock.picking,(Forecast Demo) WH/Stock iPad Retina Display Internal Move 8,base.res_partner_3,2015-04-07 23:45:29
picking_demo_542,stock.picking_type_internal,stock.picking,(Forecast Demo) WH/Stock iPad Retina Display Internal Move 9,base.res_partner_6,2015-06-17 16:30:02
picking_demo_543,stock.picking_type_internal,stock.picking,(Forecast Demo) WH/Stock iPad Retina Display Internal Move 10,base.res_partner_6,2015-06-30 15:12:11
picking_demo_544,stock.picking_type_internal,stock.picking,(Forecast Demo) WH/Stock iPad Retina Display Internal Move 11,base.res_partner_6,2015-04-06 01:25:49
picking_demo_545,stock.picking_type_internal,stock.picking,(Forecast Demo) WH/Stock iPad Retina Display Internal Move 12,base.res_partner_4,2015-08-26 16:08:33
picking_demo_546,stock.picking_type_internal,stock.picking,(Forecast Demo) WH/Stock iPad Retina Display Internal Move 13,base.res_partner_1,2015-01-28 02:56:36
picking_demo_547,stock.picking_type_internal,stock.picking,(Forecast Demo) WH/Stock iPad Retina Display Internal Move 14,base.res_partner_6,2015-07-03 19:21:52
picking_demo_548,stock.picking_type_internal,stock.picking,(Forecast Demo) WH/Stock iPad Retina Display Internal Move 15,base.res_partner_1,2015-04-05 07:56:12
picking_demo_549,stock.picking_type_internal,stock.picking,(Forecast Demo) WH/Stock iPad Retina Display Internal Move 16,base.res_partner_6,2015-03-29 16:32:40
picking_demo_550,stock.picking_type_internal,stock.picking,(Forecast Demo) WH/Stock iPod Internal Move 1,base.res_partner_5,2015-06-05 21:47:08
picking_demo_551,stock.picking_type_internal,stock.picking,(Forecast Demo) WH/Stock iPod Internal Move 2,base.res_partner_4,2015-03-03 23:46:41
picking_demo_552,stock.picking_type_internal,stock.picking,(Forecast Demo) WH/Stock iPod Internal Move 3,base.res_partner_4,2015-04-24 13:30:49
picking_demo_553,stock.picking_type_internal,stock.picking,(Forecast Demo) WH/Stock iPod Internal Move 4,base.res_partner_4,2015-09-07 08:25:19
picking_demo_554,stock.picking_type_internal,stock.picking,(Forecast Demo) WH/Stock iPod Internal Move 5,base.res_partner_1,2015-02-28 11:43:46
picking_demo_555,stock.picking_type_internal,stock.picking,(Forecast Demo) WH/Stock iPod Internal Move 6,base.res_partner_6,2015-05-18 03:19:51
picking_demo_556,stock.picking_type_internal,stock.picking,(Forecast Demo) WH/Stock iPod Internal Move 7,base.res_partner_1,2015-04-14 07:07:55
picking_demo_557,stock.picking_type_internal,stock.picking,(Forecast Demo) WH/Stock iPod Internal Move 8,base.res_partner_3,2015-05-07 13:55:20
picking_demo_558,stock.picking_type_internal,stock.picking,(Forecast Demo) WH/Stock iPod Internal Move 9,base.res_partner_4,2015-02-14 17:10:54
picking_demo_559,stock.picking_type_internal,stock.picking,(Forecast Demo) WH/Stock iPod Internal Move 10,base.res_partner_5,2015-07-04 17:23:16
picking_demo_560,stock.picking_type_internal,stock.picking,(Forecast Demo) WH/Stock iPod Internal Move 11,base.res_partner_6,2015-08-25 10:03:35
picking_demo_561,stock.picking_type_internal,stock.picking,(Forecast Demo) WH/Stock iPod Internal Move 12,base.res_partner_1,2015-04-25 09:30:02
picking_demo_562,stock.picking_type_internal,stock.picking,(Forecast Demo) WH/Stock iPod Internal Move 13,base.res_partner_5,2015-04-04 15:44:43
picking_demo_563,stock.picking_type_internal,stock.picking,(Forecast Demo) WH/Stock iPod Internal Move 14,base.res_partner_4,2015-02-25 21:07:34
picking_demo_564,stock.picking_type_internal,stock.picking,(Forecast Demo) WH/Stock iPod Internal Move 15,base.res_partner_6,2015-04-15 14:10:53
picking_demo_565,stock.picking_type_internal,stock.picking,(Forecast Demo) WH/Stock iPod Internal Move 16,base.res_partner_3,2015-05-14 01:58:23
