id,model,forecast_id,sequence,value
str,str,ref,int,float
fsd_demo_01_01,forecast.data,fst_demo_01,1,1
fsd_demo_01_02,forecast.data,fst_demo_01,2,2
fsd_demo_01_03,forecast.data,fst_demo_01,3,3
fsd_demo_01_04,forecast.data,fst_demo_01,4,4
fsd_demo_01_05,forecast.data,fst_demo_01,5,5
fsd_demo_01_06,forecast.data,fst_demo_01,6,6
fsd_demo_01_07,forecast.data,fst_demo_01,7,7
fsd_demo_01_08,forecast.data,fst_demo_01,8,8
fsd_demo_01_09,forecast.data,fst_demo_01,9,9
fsd_demo_01_10,forecast.data,fst_demo_01,10,10
fsd_demo_01_11,forecast.data,fst_demo_01,11,11
fsd_demo_01_12,forecast.data,fst_demo_01,12,12
fsd_demo_01_13,forecast.data,fst_demo_01,13,13
fsd_demo_01_14,forecast.data,fst_demo_01,14,14
fsd_demo_01_15,forecast.data,fst_demo_01,15,15
fsd_demo_01_16,forecast.data,fst_demo_01,16,16
fsd_demo_01_17,forecast.data,fst_demo_01,17,17
fsd_demo_01_18,forecast.data,fst_demo_01,18,18
fsd_demo_01_19,forecast.data,fst_demo_01,19,19
fsd_demo_01_20,forecast.data,fst_demo_01,20,20
fsd_demo_01_21,forecast.data,fst_demo_01,21,21
fsd_demo_01_22,forecast.data,fst_demo_01,22,22
fsd_demo_01_23,forecast.data,fst_demo_01,23,23
fsd_demo_01_24,forecast.data,fst_demo_01,24,24
fsd_demo_01_25,forecast.data,fst_demo_01,25,25
fsd_demo_01_26,forecast.data,fst_demo_01,26,26
fsd_demo_01_27,forecast.data,fst_demo_01,27,27
fsd_demo_01_28,forecast.data,fst_demo_01,28,28
fsd_demo_01_29,forecast.data,fst_demo_01,29,29
fsd_demo_01_30,forecast.data,fst_demo_01,30,30
fsd_demo_01_31,forecast.data,fst_demo_01,31,1
fsd_demo_01_32,forecast.data,fst_demo_01,32,2
fsd_demo_01_33,forecast.data,fst_demo_01,33,3
fsd_demo_01_34,forecast.data,fst_demo_01,34,4
fsd_demo_01_35,forecast.data,fst_demo_01,35,5
fsd_demo_01_36,forecast.data,fst_demo_01,36,6
fsd_demo_01_37,forecast.data,fst_demo_01,37,7
fsd_demo_01_38,forecast.data,fst_demo_01,38,8
fsd_demo_01_39,forecast.data,fst_demo_01,39,9
fsd_demo_01_40,forecast.data,fst_demo_01,40,10
fsd_demo_01_41,forecast.data,fst_demo_01,41,11
fsd_demo_01_42,forecast.data,fst_demo_01,42,12
fsd_demo_01_43,forecast.data,fst_demo_01,43,13
fsd_demo_01_44,forecast.data,fst_demo_01,44,14
fsd_demo_01_45,forecast.data,fst_demo_01,45,15
fsd_demo_01_46,forecast.data,fst_demo_01,46,16
fsd_demo_01_47,forecast.data,fst_demo_01,47,17
fsd_demo_01_48,forecast.data,fst_demo_01,48,18
fsd_demo_01_49,forecast.data,fst_demo_01,49,19
fsd_demo_01_50,forecast.data,fst_demo_01,50,20
fsd_demo_01_51,forecast.data,fst_demo_01,51,21
fsd_demo_01_52,forecast.data,fst_demo_01,52,22
fsd_demo_01_53,forecast.data,fst_demo_01,53,23
fsd_demo_01_54,forecast.data,fst_demo_01,54,24
fsd_demo_01_55,forecast.data,fst_demo_01,55,25
fsd_demo_01_56,forecast.data,fst_demo_01,56,26
fsd_demo_01_57,forecast.data,fst_demo_01,57,27
fsd_demo_01_58,forecast.data,fst_demo_01,58,28
fsd_demo_01_59,forecast.data,fst_demo_01,59,29
fsd_demo_01_60,forecast.data,fst_demo_01,60,30
fsd_demo_01_61,forecast.data,fst_demo_01,61,1
fsd_demo_01_62,forecast.data,fst_demo_01,62,2
fsd_demo_01_63,forecast.data,fst_demo_01,63,3
fsd_demo_01_64,forecast.data,fst_demo_01,64,4
fsd_demo_01_65,forecast.data,fst_demo_01,65,5
fsd_demo_01_66,forecast.data,fst_demo_01,66,6
fsd_demo_01_67,forecast.data,fst_demo_01,67,7
fsd_demo_01_68,forecast.data,fst_demo_01,68,8
fsd_demo_01_69,forecast.data,fst_demo_01,69,9
fsd_demo_01_70,forecast.data,fst_demo_01,70,10
fsd_demo_01_71,forecast.data,fst_demo_01,71,11
fsd_demo_01_72,forecast.data,fst_demo_01,72,12
fsd_demo_01_73,forecast.data,fst_demo_01,73,13
fsd_demo_01_74,forecast.data,fst_demo_01,74,14
fsd_demo_01_75,forecast.data,fst_demo_01,75,15
fsd_demo_01_76,forecast.data,fst_demo_01,76,16
fsd_demo_01_77,forecast.data,fst_demo_01,77,17
fsd_demo_01_78,forecast.data,fst_demo_01,78,18
fsd_demo_01_79,forecast.data,fst_demo_01,79,19
fsd_demo_01_80,forecast.data,fst_demo_01,80,20
fsd_demo_02_01,forecast.data,fst_demo_02,1,1
fsd_demo_02_02,forecast.data,fst_demo_02,2,2
fsd_demo_02_03,forecast.data,fst_demo_02,3,3
fsd_demo_02_04,forecast.data,fst_demo_02,4,4
fsd_demo_02_05,forecast.data,fst_demo_02,5,5
fsd_demo_02_06,forecast.data,fst_demo_02,6,6
fsd_demo_02_07,forecast.data,fst_demo_02,7,7
fsd_demo_02_08,forecast.data,fst_demo_02,8,8
fsd_demo_02_09,forecast.data,fst_demo_02,9,9
fsd_demo_02_10,forecast.data,fst_demo_02,10,10
fsd_demo_03_01,forecast.data,fst_demo_03,1,133
fsd_demo_03_02,forecast.data,fst_demo_03,2,155
fsd_demo_03_03,forecast.data,fst_demo_03,3,165
fsd_demo_03_04,forecast.data,fst_demo_03,4,171
fsd_demo_03_05,forecast.data,fst_demo_03,5,194
fsd_demo_03_06,forecast.data,fst_demo_03,6,231
fsd_demo_03_07,forecast.data,fst_demo_03,7,274
fsd_demo_03_08,forecast.data,fst_demo_03,8,312
fsd_demo_03_09,forecast.data,fst_demo_03,9,313
fsd_demo_03_10,forecast.data,fst_demo_03,10,333
fsd_demo_03_11,forecast.data,fst_demo_03,11,343
fsd_demo_04_01,forecast.data,fst_demo_04,1,105
fsd_demo_04_02,forecast.data,fst_demo_04,2,100
fsd_demo_04_03,forecast.data,fst_demo_04,3,105
fsd_demo_04_04,forecast.data,fst_demo_04,4,95
fsd_demo_04_05,forecast.data,fst_demo_04,5,100
fsd_demo_04_06,forecast.data,fst_demo_04,6,95
fsd_demo_04_07,forecast.data,fst_demo_04,7,105
fsd_demo_04_08,forecast.data,fst_demo_04,8,120
fsd_demo_04_09,forecast.data,fst_demo_04,9,115
fsd_demo_04_10,forecast.data,fst_demo_04,10,125
fsd_demo_04_11,forecast.data,fst_demo_04,11,120
fsd_demo_04_12,forecast.data,fst_demo_04,12,120
fsd_demo_05_01,forecast.data,fst_demo_05,1,80
fsd_demo_05_02,forecast.data,fst_demo_05,2,90
fsd_demo_05_03,forecast.data,fst_demo_05,3,85
fsd_demo_05_04,forecast.data,fst_demo_05,4,70
fsd_demo_05_05,forecast.data,fst_demo_05,5,80
fsd_demo_05_06,forecast.data,fst_demo_05,6,105
fsd_demo_05_07,forecast.data,fst_demo_05,7,100
fsd_demo_05_08,forecast.data,fst_demo_05,8,105
fsd_demo_05_09,forecast.data,fst_demo_05,9,100
fsd_demo_05_10,forecast.data,fst_demo_05,10,105
fsd_demo_05_11,forecast.data,fst_demo_05,11,100
fsd_demo_05_12,forecast.data,fst_demo_05,12,150
